--
-- PostgreSQL database dump
--

-- Dumped from database version 13.8 (Debian 13.8-0+deb11u1)
-- Dumped by pg_dump version 13.8 (Debian 13.8-0+deb11u1)

SET statement_timeout = 0;
SET lock_timeout = 0;
SET idle_in_transaction_session_timeout = 0;
SET client_encoding = 'UTF8';
SET standard_conforming_strings = on;
SELECT pg_catalog.set_config('search_path', '', false);
SET check_function_bodies = false;
SET xmloption = content;
SET client_min_messages = warning;
SET row_security = off;

SET default_tablespace = '';

SET default_table_access_method = heap;

--
-- Name: acciones_obras; Type: TABLE; Schema: public; Owner: postgres
--

CREATE TABLE public.acciones_obras (
    id bigint NOT NULL,
    desc_accion character varying(255) NOT NULL,
    impacto_poblacional integer NOT NULL,
    inversion integer NOT NULL,
    materiales character varying(255) NOT NULL,
    id_tiempo_ejecucion bigint NOT NULL,
    id_tipo_ejecucion bigint NOT NULL,
    deleted_at timestamp(0) without time zone,
    created_at timestamp(0) without time zone,
    updated_at timestamp(0) without time zone
);


ALTER TABLE public.acciones_obras OWNER TO postgres;

--
-- Name: acciones_obras_id_seq; Type: SEQUENCE; Schema: public; Owner: postgres
--

CREATE SEQUENCE public.acciones_obras_id_seq
    START WITH 1
    INCREMENT BY 1
    NO MINVALUE
    NO MAXVALUE
    CACHE 1;


ALTER TABLE public.acciones_obras_id_seq OWNER TO postgres;

--
-- Name: acciones_obras_id_seq; Type: SEQUENCE OWNED BY; Schema: public; Owner: postgres
--

ALTER SEQUENCE public.acciones_obras_id_seq OWNED BY public.acciones_obras.id;


--
-- Name: acciones_planes; Type: TABLE; Schema: public; Owner: postgres
--

CREATE TABLE public.acciones_planes (
    id bigint NOT NULL,
    accion character varying(255) NOT NULL,
    id_estrategia bigint NOT NULL,
    deleted_at timestamp(0) without time zone,
    created_at timestamp(0) without time zone,
    updated_at timestamp(0) without time zone
);


ALTER TABLE public.acciones_planes OWNER TO postgres;

--
-- Name: acciones_planes_id_seq; Type: SEQUENCE; Schema: public; Owner: postgres
--

CREATE SEQUENCE public.acciones_planes_id_seq
    START WITH 1
    INCREMENT BY 1
    NO MINVALUE
    NO MAXVALUE
    CACHE 1;


ALTER TABLE public.acciones_planes_id_seq OWNER TO postgres;

--
-- Name: acciones_planes_id_seq; Type: SEQUENCE OWNED BY; Schema: public; Owner: postgres
--

ALTER SEQUENCE public.acciones_planes_id_seq OWNED BY public.acciones_planes.id;


--
-- Name: acueductos; Type: TABLE; Schema: public; Owner: postgres
--

CREATE TABLE public.acueductos (
    id bigint NOT NULL,
    nombre_acueducto character varying(255) NOT NULL,
    id_estado bigint NOT NULL,
    capacidad_distribucion numeric(8,2) NOT NULL,
    capacidad_modificada numeric(8,2) NOT NULL,
    deleted_at timestamp(0) without time zone,
    created_at timestamp(0) without time zone,
    updated_at timestamp(0) without time zone
);


ALTER TABLE public.acueductos OWNER TO postgres;

--
-- Name: COLUMN acueductos.nombre_acueducto; Type: COMMENT; Schema: public; Owner: postgres
--

COMMENT ON COLUMN public.acueductos.nombre_acueducto IS 'nombre acueducto';


--
-- Name: COLUMN acueductos.id_estado; Type: COMMENT; Schema: public; Owner: postgres
--

COMMENT ON COLUMN public.acueductos.id_estado IS 'id estado';


--
-- Name: acueductos_id_seq; Type: SEQUENCE; Schema: public; Owner: postgres
--

CREATE SEQUENCE public.acueductos_id_seq
    START WITH 1
    INCREMENT BY 1
    NO MINVALUE
    NO MAXVALUE
    CACHE 1;


ALTER TABLE public.acueductos_id_seq OWNER TO postgres;

--
-- Name: acueductos_id_seq; Type: SEQUENCE OWNED BY; Schema: public; Owner: postgres
--

ALTER SEQUENCE public.acueductos_id_seq OWNED BY public.acueductos.id;


--
-- Name: asignacion_grupos; Type: TABLE; Schema: public; Owner: postgres
--

CREATE TABLE public.asignacion_grupos (
    id bigint NOT NULL,
    id_equipo bigint NOT NULL,
    id_infraestructura bigint NOT NULL,
    grupo bigint NOT NULL,
    operatividad bigint NOT NULL,
    en_uso boolean NOT NULL,
    created_at timestamp(0) without time zone,
    updated_at timestamp(0) without time zone
);


ALTER TABLE public.asignacion_grupos OWNER TO postgres;

--
-- Name: asignacion_grupos_id_seq; Type: SEQUENCE; Schema: public; Owner: postgres
--

CREATE SEQUENCE public.asignacion_grupos_id_seq
    START WITH 1
    INCREMENT BY 1
    NO MINVALUE
    NO MAXVALUE
    CACHE 1;


ALTER TABLE public.asignacion_grupos_id_seq OWNER TO postgres;

--
-- Name: asignacion_grupos_id_seq; Type: SEQUENCE OWNED BY; Schema: public; Owner: postgres
--

ALTER SEQUENCE public.asignacion_grupos_id_seq OWNED BY public.asignacion_grupos.id;


--
-- Name: audits; Type: TABLE; Schema: public; Owner: postgres
--

CREATE TABLE public.audits (
    id bigint NOT NULL,
    user_type character varying(255),
    user_id bigint,
    event character varying(255) NOT NULL,
    auditable_type character varying(255) NOT NULL,
    auditable_id bigint NOT NULL,
    old_values text,
    new_values text,
    url text,
    ip_address inet,
    user_agent character varying(1023),
    tags character varying(255),
    created_at timestamp(0) without time zone,
    updated_at timestamp(0) without time zone
);


ALTER TABLE public.audits OWNER TO postgres;

--
-- Name: audits_id_seq; Type: SEQUENCE; Schema: public; Owner: postgres
--

CREATE SEQUENCE public.audits_id_seq
    START WITH 1
    INCREMENT BY 1
    NO MINVALUE
    NO MAXVALUE
    CACHE 1;


ALTER TABLE public.audits_id_seq OWNER TO postgres;

--
-- Name: audits_id_seq; Type: SEQUENCE OWNED BY; Schema: public; Owner: postgres
--

ALTER SEQUENCE public.audits_id_seq OWNED BY public.audits.id;


--
-- Name: bombas; Type: TABLE; Schema: public; Owner: postgres
--

CREATE TABLE public.bombas (
    id bigint NOT NULL,
    nro_etapas bigint NOT NULL,
    rotacion character varying(255) NOT NULL,
    caudal numeric(8,2) NOT NULL,
    presion numeric(8,2) NOT NULL,
    rpm numeric(8,2) NOT NULL,
    peso numeric(8,2) NOT NULL,
    diametro_succion numeric(8,2) NOT NULL,
    diametro_descarga numeric(8,2) NOT NULL,
    tipo_sello character varying(255) NOT NULL,
    id_equipo bigint NOT NULL,
    deleted_at timestamp(0) without time zone,
    created_at timestamp(0) without time zone,
    updated_at timestamp(0) without time zone
);


ALTER TABLE public.bombas OWNER TO postgres;

--
-- Name: COLUMN bombas.rotacion; Type: COMMENT; Schema: public; Owner: postgres
--

COMMENT ON COLUMN public.bombas.rotacion IS 'rotacion';


--
-- Name: COLUMN bombas.tipo_sello; Type: COMMENT; Schema: public; Owner: postgres
--

COMMENT ON COLUMN public.bombas.tipo_sello IS 'tipo de sello';


--
-- Name: bombas_id_seq; Type: SEQUENCE; Schema: public; Owner: postgres
--

CREATE SEQUENCE public.bombas_id_seq
    START WITH 1
    INCREMENT BY 1
    NO MINVALUE
    NO MAXVALUE
    CACHE 1;


ALTER TABLE public.bombas_id_seq OWNER TO postgres;

--
-- Name: bombas_id_seq; Type: SEQUENCE OWNED BY; Schema: public; Owner: postgres
--

ALTER SEQUENCE public.bombas_id_seq OWNED BY public.bombas.id;


--
-- Name: c_embalses; Type: TABLE; Schema: public; Owner: postgres
--

CREATE TABLE public.c_embalses (
    id bigint NOT NULL,
    cuenca_principal character varying(255) NOT NULL,
    cuenca_afluentes character varying(255) NOT NULL,
    cuenca_diametro character varying(255) NOT NULL,
    cuenca_encurrimiento character varying(255) NOT NULL,
    embalse_capacidad character varying(255) NOT NULL,
    embalse_util character varying(255) NOT NULL,
    embalse_superficie character varying(255) NOT NULL,
    embalse_vidautil character varying(255) NOT NULL,
    presa_tipo character varying(255) NOT NULL,
    presa_altura character varying(255) NOT NULL,
    presa_longitud character varying(255) NOT NULL,
    presa_talud character varying(255) NOT NULL,
    presa_volumen character varying(255) NOT NULL,
    aliviadero_tipo character varying(255) NOT NULL,
    aliviadero_longitud character varying(255) NOT NULL,
    aliviadero_talud character varying(255) NOT NULL,
    aliviadero_volumen character varying(255) NOT NULL,
    toma_tipo character varying(255) NOT NULL,
    toma_medida character varying(255) NOT NULL,
    toma_gasto character varying(255) NOT NULL,
    toma_descripcion character varying(255) NOT NULL,
    embalse_id bigint NOT NULL,
    deleted_at timestamp(0) without time zone,
    created_at timestamp(0) without time zone,
    updated_at timestamp(0) without time zone
);


ALTER TABLE public.c_embalses OWNER TO postgres;

--
-- Name: c_embalses_id_seq; Type: SEQUENCE; Schema: public; Owner: postgres
--

CREATE SEQUENCE public.c_embalses_id_seq
    START WITH 1
    INCREMENT BY 1
    NO MINVALUE
    NO MAXVALUE
    CACHE 1;


ALTER TABLE public.c_embalses_id_seq OWNER TO postgres;

--
-- Name: c_embalses_id_seq; Type: SEQUENCE OWNED BY; Schema: public; Owner: postgres
--

ALTER SEQUENCE public.c_embalses_id_seq OWNED BY public.c_embalses.id;


--
-- Name: causa_posible; Type: TABLE; Schema: public; Owner: postgres
--

CREATE TABLE public.causa_posible (
    id integer NOT NULL,
    descripcion_causa character varying(255) NOT NULL
);


ALTER TABLE public.causa_posible OWNER TO postgres;

--
-- Name: causa_posible_id_seq; Type: SEQUENCE; Schema: public; Owner: postgres
--

CREATE SEQUENCE public.causa_posible_id_seq
    AS integer
    START WITH 1
    INCREMENT BY 1
    NO MINVALUE
    NO MAXVALUE
    CACHE 1;


ALTER TABLE public.causa_posible_id_seq OWNER TO postgres;

--
-- Name: causa_posible_id_seq; Type: SEQUENCE OWNED BY; Schema: public; Owner: postgres
--

ALTER SEQUENCE public.causa_posible_id_seq OWNED BY public.causa_posible.id;


--
-- Name: ciudades; Type: TABLE; Schema: public; Owner: postgres
--

CREATE TABLE public.ciudades (
    id bigint NOT NULL,
    estado_id bigint NOT NULL,
    ciudad character varying(255) NOT NULL,
    capital smallint NOT NULL,
    created_at timestamp(0) without time zone,
    updated_at timestamp(0) without time zone
);


ALTER TABLE public.ciudades OWNER TO postgres;

--
-- Name: COLUMN ciudades.ciudad; Type: COMMENT; Schema: public; Owner: postgres
--

COMMENT ON COLUMN public.ciudades.ciudad IS 'nombre del ciudad';


--
-- Name: ciudades_id_seq; Type: SEQUENCE; Schema: public; Owner: postgres
--

CREATE SEQUENCE public.ciudades_id_seq
    START WITH 1
    INCREMENT BY 1
    NO MINVALUE
    NO MAXVALUE
    CACHE 1;


ALTER TABLE public.ciudades_id_seq OWNER TO postgres;

--
-- Name: ciudades_id_seq; Type: SEQUENCE OWNED BY; Schema: public; Owner: postgres
--

ALTER SEQUENCE public.ciudades_id_seq OWNED BY public.ciudades.id;


--
-- Name: datos_planes; Type: TABLE; Schema: public; Owner: postgres
--

CREATE TABLE public.datos_planes (
    id bigint NOT NULL,
    id_linea_estrategia bigint NOT NULL,
    id_accion bigint NOT NULL,
    actividad character varying(255) NOT NULL,
    actividad_precedente character varying(255) NOT NULL,
    fecha_origen date NOT NULL,
    fecha_entrega date NOT NULL,
    responsable character varying(255) NOT NULL,
    co_responsable character varying(255) NOT NULL,
    resultados_esperados character varying(255) NOT NULL,
    deleted_at timestamp(0) without time zone,
    created_at timestamp(0) without time zone,
    updated_at timestamp(0) without time zone
);


ALTER TABLE public.datos_planes OWNER TO postgres;

--
-- Name: datos_planes_id_seq; Type: SEQUENCE; Schema: public; Owner: postgres
--

CREATE SEQUENCE public.datos_planes_id_seq
    START WITH 1
    INCREMENT BY 1
    NO MINVALUE
    NO MAXVALUE
    CACHE 1;


ALTER TABLE public.datos_planes_id_seq OWNER TO postgres;

--
-- Name: datos_planes_id_seq; Type: SEQUENCE OWNED BY; Schema: public; Owner: postgres
--

ALTER SEQUENCE public.datos_planes_id_seq OWNED BY public.datos_planes.id;


--
-- Name: datos_tuberia; Type: TABLE; Schema: public; Owner: postgres
--

CREATE TABLE public.datos_tuberia (
    id integer NOT NULL,
    descripcion_tuberia character varying(255) NOT NULL
);


ALTER TABLE public.datos_tuberia OWNER TO postgres;

--
-- Name: datos_tuberia_id_seq; Type: SEQUENCE; Schema: public; Owner: postgres
--

CREATE SEQUENCE public.datos_tuberia_id_seq
    AS integer
    START WITH 1
    INCREMENT BY 1
    NO MINVALUE
    NO MAXVALUE
    CACHE 1;


ALTER TABLE public.datos_tuberia_id_seq OWNER TO postgres;

--
-- Name: datos_tuberia_id_seq; Type: SEQUENCE OWNED BY; Schema: public; Owner: postgres
--

ALTER SEQUENCE public.datos_tuberia_id_seq OWNED BY public.datos_tuberia.id;


--
-- Name: detalles_tecnicos_estacion_bombeo; Type: TABLE; Schema: public; Owner: postgres
--

CREATE TABLE public.detalles_tecnicos_estacion_bombeo (
    id bigint NOT NULL,
    succion_min numeric(8,2) NOT NULL,
    succion_max numeric(8,2) NOT NULL,
    descarga_min numeric(8,2) NOT NULL,
    descarga_max numeric(8,2) NOT NULL,
    amp_min numeric(8,2) NOT NULL,
    amp_max numeric(8,2) NOT NULL,
    voltaje_min numeric(8,2) NOT NULL,
    voltaje_max numeric(8,2) NOT NULL,
    id_estacion_bombeo bigint NOT NULL,
    deleted_at timestamp(0) without time zone,
    created_at timestamp(0) without time zone,
    updated_at timestamp(0) without time zone
);


ALTER TABLE public.detalles_tecnicos_estacion_bombeo OWNER TO postgres;

--
-- Name: detalles_tecnicos_estacion_bombeo_id_seq; Type: SEQUENCE; Schema: public; Owner: postgres
--

CREATE SEQUENCE public.detalles_tecnicos_estacion_bombeo_id_seq
    START WITH 1
    INCREMENT BY 1
    NO MINVALUE
    NO MAXVALUE
    CACHE 1;


ALTER TABLE public.detalles_tecnicos_estacion_bombeo_id_seq OWNER TO postgres;

--
-- Name: detalles_tecnicos_estacion_bombeo_id_seq; Type: SEQUENCE OWNED BY; Schema: public; Owner: postgres
--

ALTER SEQUENCE public.detalles_tecnicos_estacion_bombeo_id_seq OWNED BY public.detalles_tecnicos_estacion_bombeo.id;


--
-- Name: dique_toma; Type: TABLE; Schema: public; Owner: postgres
--

CREATE TABLE public.dique_toma (
    id bigint NOT NULL,
    reg bigint NOT NULL,
    nombre character varying(255) NOT NULL,
    toma_rio character varying(255) NOT NULL,
    caudal_diseno numeric(8,2) NOT NULL,
    caudal_recibe numeric(8,2) NOT NULL,
    status integer NOT NULL,
    id_infraestructura bigint NOT NULL,
    deleted_at timestamp(0) without time zone,
    created_at timestamp(0) without time zone,
    updated_at timestamp(0) without time zone
);


ALTER TABLE public.dique_toma OWNER TO postgres;

--
-- Name: COLUMN dique_toma.nombre; Type: COMMENT; Schema: public; Owner: postgres
--

COMMENT ON COLUMN public.dique_toma.nombre IS 'nombre dique';


--
-- Name: dique_tomas_id_seq; Type: SEQUENCE; Schema: public; Owner: postgres
--

CREATE SEQUENCE public.dique_tomas_id_seq
    START WITH 1
    INCREMENT BY 1
    NO MINVALUE
    NO MAXVALUE
    CACHE 1;


ALTER TABLE public.dique_tomas_id_seq OWNER TO postgres;

--
-- Name: dique_tomas_id_seq; Type: SEQUENCE OWNED BY; Schema: public; Owner: postgres
--

ALTER SEQUENCE public.dique_tomas_id_seq OWNED BY public.dique_toma.id;


--
-- Name: diseno_bomba; Type: TABLE; Schema: public; Owner: postgres
--

CREATE TABLE public.diseno_bomba (
    id bigint NOT NULL,
    id_equipo bigint NOT NULL,
    marca character varying(255) NOT NULL,
    "Modelo" character varying(255) NOT NULL,
    tipo bigint NOT NULL,
    altura numeric(8,2) NOT NULL,
    nro_etapas bigint NOT NULL,
    rotacion bigint NOT NULL,
    caudal numeric(8,2) NOT NULL,
    presion numeric(8,2) NOT NULL,
    rpm numeric(8,2) NOT NULL,
    peso numeric(8,2) NOT NULL,
    diametro_succion numeric(8,2) NOT NULL,
    diametro_descarga numeric(8,2) NOT NULL,
    tipo_sello bigint NOT NULL,
    rodamiento_a character varying(255) NOT NULL,
    rodamiento_b character varying(255) NOT NULL,
    created_at timestamp(0) without time zone,
    updated_at timestamp(0) without time zone
);


ALTER TABLE public.diseno_bomba OWNER TO postgres;

--
-- Name: diseno_bomba_id_seq; Type: SEQUENCE; Schema: public; Owner: postgres
--

CREATE SEQUENCE public.diseno_bomba_id_seq
    START WITH 1
    INCREMENT BY 1
    NO MINVALUE
    NO MAXVALUE
    CACHE 1;


ALTER TABLE public.diseno_bomba_id_seq OWNER TO postgres;

--
-- Name: diseno_bomba_id_seq; Type: SEQUENCE OWNED BY; Schema: public; Owner: postgres
--

ALTER SEQUENCE public.diseno_bomba_id_seq OWNED BY public.diseno_bomba.id;


--
-- Name: elemento_falla; Type: TABLE; Schema: public; Owner: postgres
--

CREATE TABLE public.elemento_falla (
    id integer NOT NULL,
    descripcion_elemento_falla character varying(255) NOT NULL
);


ALTER TABLE public.elemento_falla OWNER TO postgres;

--
-- Name: elemento_falla_id_seq; Type: SEQUENCE; Schema: public; Owner: postgres
--

CREATE SEQUENCE public.elemento_falla_id_seq
    AS integer
    START WITH 1
    INCREMENT BY 1
    NO MINVALUE
    NO MAXVALUE
    CACHE 1;


ALTER TABLE public.elemento_falla_id_seq OWNER TO postgres;

--
-- Name: elemento_falla_id_seq; Type: SEQUENCE OWNED BY; Schema: public; Owner: postgres
--

ALTER SEQUENCE public.elemento_falla_id_seq OWNED BY public.elemento_falla.id;


--
-- Name: embalses; Type: TABLE; Schema: public; Owner: postgres
--

CREATE TABLE public.embalses (
    id bigint NOT NULL,
    reg bigint NOT NULL,
    nombre character varying(255) NOT NULL,
    cronologia character varying(255) NOT NULL,
    id_infraestructura bigint NOT NULL,
    deleted_at timestamp(0) without time zone,
    created_at timestamp(0) without time zone,
    updated_at timestamp(0) without time zone
);


ALTER TABLE public.embalses OWNER TO postgres;

--
-- Name: COLUMN embalses.reg; Type: COMMENT; Schema: public; Owner: postgres
--

COMMENT ON COLUMN public.embalses.reg IS 'por descubrir';


--
-- Name: COLUMN embalses.nombre; Type: COMMENT; Schema: public; Owner: postgres
--

COMMENT ON COLUMN public.embalses.nombre IS 'nombre pozo profundo';


--
-- Name: COLUMN embalses.cronologia; Type: COMMENT; Schema: public; Owner: postgres
--

COMMENT ON COLUMN public.embalses.cronologia IS 'cronologia';


--
-- Name: embalses_id_seq; Type: SEQUENCE; Schema: public; Owner: postgres
--

CREATE SEQUENCE public.embalses_id_seq
    START WITH 1
    INCREMENT BY 1
    NO MINVALUE
    NO MAXVALUE
    CACHE 1;


ALTER TABLE public.embalses_id_seq OWNER TO postgres;

--
-- Name: embalses_id_seq; Type: SEQUENCE OWNED BY; Schema: public; Owner: postgres
--

ALTER SEQUENCE public.embalses_id_seq OWNED BY public.embalses.id;


--
-- Name: equipos; Type: TABLE; Schema: public; Owner: postgres
--

CREATE TABLE public.equipos (
    id bigint NOT NULL,
    tipo_equipo bigint NOT NULL,
    nombre_equipo character varying(255) NOT NULL,
    marca character varying(255) NOT NULL,
    modelo character varying(255) NOT NULL,
    created_at timestamp(0) without time zone,
    updated_at timestamp(0) without time zone,
    deleted_at timestamp(0) without time zone
);


ALTER TABLE public.equipos OWNER TO postgres;

--
-- Name: equipos_id_seq; Type: SEQUENCE; Schema: public; Owner: postgres
--

CREATE SEQUENCE public.equipos_id_seq
    START WITH 1
    INCREMENT BY 1
    NO MINVALUE
    NO MAXVALUE
    CACHE 1;


ALTER TABLE public.equipos_id_seq OWNER TO postgres;

--
-- Name: equipos_id_seq; Type: SEQUENCE OWNED BY; Schema: public; Owner: postgres
--

ALTER SEQUENCE public.equipos_id_seq OWNED BY public.equipos.id;


--
-- Name: estacion_bombeo; Type: TABLE; Schema: public; Owner: postgres
--

CREATE TABLE public.estacion_bombeo (
    id bigint NOT NULL,
    nombre character varying(255) NOT NULL,
    cantidad_grupos bigint NOT NULL,
    id_tipo_estacion_bombeo bigint NOT NULL,
    id_tipo_servicio bigint NOT NULL,
    id_infraestructura bigint NOT NULL,
    deleted_at timestamp(0) without time zone,
    created_at timestamp(0) without time zone,
    updated_at timestamp(0) without time zone
);


ALTER TABLE public.estacion_bombeo OWNER TO postgres;

--
-- Name: COLUMN estacion_bombeo.nombre; Type: COMMENT; Schema: public; Owner: postgres
--

COMMENT ON COLUMN public.estacion_bombeo.nombre IS 'nombre estacion de bombeo';


--
-- Name: estacion_bombeo_id_seq; Type: SEQUENCE; Schema: public; Owner: postgres
--

CREATE SEQUENCE public.estacion_bombeo_id_seq
    START WITH 1
    INCREMENT BY 1
    NO MINVALUE
    NO MAXVALUE
    CACHE 1;


ALTER TABLE public.estacion_bombeo_id_seq OWNER TO postgres;

--
-- Name: estacion_bombeo_id_seq; Type: SEQUENCE OWNED BY; Schema: public; Owner: postgres
--

ALTER SEQUENCE public.estacion_bombeo_id_seq OWNED BY public.estacion_bombeo.id;


--
-- Name: estados; Type: TABLE; Schema: public; Owner: postgres
--

CREATE TABLE public.estados (
    id bigint NOT NULL,
    estado character varying(255) NOT NULL,
    "iso_3166-2" character varying(255) NOT NULL,
    created_at timestamp(0) without time zone,
    updated_at timestamp(0) without time zone
);


ALTER TABLE public.estados OWNER TO postgres;

--
-- Name: COLUMN estados.estado; Type: COMMENT; Schema: public; Owner: postgres
--

COMMENT ON COLUMN public.estados.estado IS 'nombre del estado';


--
-- Name: estados_id_seq; Type: SEQUENCE; Schema: public; Owner: postgres
--

CREATE SEQUENCE public.estados_id_seq
    START WITH 1
    INCREMENT BY 1
    NO MINVALUE
    NO MAXVALUE
    CACHE 1;


ALTER TABLE public.estados_id_seq OWNER TO postgres;

--
-- Name: estados_id_seq; Type: SEQUENCE OWNED BY; Schema: public; Owner: postgres
--

ALTER SEQUENCE public.estados_id_seq OWNED BY public.estados.id;


--
-- Name: estatus; Type: TABLE; Schema: public; Owner: postgres
--

CREATE TABLE public.estatus (
    id integer NOT NULL,
    descrip_estatu character varying(255) NOT NULL
);


ALTER TABLE public.estatus OWNER TO postgres;

--
-- Name: estatus_id_seq; Type: SEQUENCE; Schema: public; Owner: postgres
--

CREATE SEQUENCE public.estatus_id_seq
    AS integer
    START WITH 1
    INCREMENT BY 1
    NO MINVALUE
    NO MAXVALUE
    CACHE 1;


ALTER TABLE public.estatus_id_seq OWNER TO postgres;

--
-- Name: estatus_id_seq; Type: SEQUENCE OWNED BY; Schema: public; Owner: postgres
--

ALTER SEQUENCE public.estatus_id_seq OWNED BY public.estatus.id;


--
-- Name: fabricante; Type: TABLE; Schema: public; Owner: postgres
--

CREATE TABLE public.fabricante (
    id bigint NOT NULL,
    nombre_fabricante character varying(255) NOT NULL,
    modelo character varying(255) NOT NULL,
    serial character varying(255) NOT NULL,
    origen character varying(255) NOT NULL,
    ficha character varying(255),
    deleted_at timestamp(0) without time zone,
    created_at timestamp(0) without time zone,
    updated_at timestamp(0) without time zone
);


ALTER TABLE public.fabricante OWNER TO postgres;

--
-- Name: COLUMN fabricante.nombre_fabricante; Type: COMMENT; Schema: public; Owner: postgres
--

COMMENT ON COLUMN public.fabricante.nombre_fabricante IS 'marca';


--
-- Name: COLUMN fabricante.modelo; Type: COMMENT; Schema: public; Owner: postgres
--

COMMENT ON COLUMN public.fabricante.modelo IS 'modelo';


--
-- Name: COLUMN fabricante.serial; Type: COMMENT; Schema: public; Owner: postgres
--

COMMENT ON COLUMN public.fabricante.serial IS 'serial del componente';


--
-- Name: COLUMN fabricante.origen; Type: COMMENT; Schema: public; Owner: postgres
--

COMMENT ON COLUMN public.fabricante.origen IS 'origen de la tecnologia';


--
-- Name: COLUMN fabricante.ficha; Type: COMMENT; Schema: public; Owner: postgres
--

COMMENT ON COLUMN public.fabricante.ficha IS 'ficha tecnica';


--
-- Name: fabricante_id_seq; Type: SEQUENCE; Schema: public; Owner: postgres
--

CREATE SEQUENCE public.fabricante_id_seq
    START WITH 1
    INCREMENT BY 1
    NO MINVALUE
    NO MAXVALUE
    CACHE 1;


ALTER TABLE public.fabricante_id_seq OWNER TO postgres;

--
-- Name: fabricante_id_seq; Type: SEQUENCE OWNED BY; Schema: public; Owner: postgres
--

ALTER SEQUENCE public.fabricante_id_seq OWNED BY public.fabricante.id;


--
-- Name: failed_jobs; Type: TABLE; Schema: public; Owner: postgres
--

CREATE TABLE public.failed_jobs (
    id bigint NOT NULL,
    uuid character varying(255) NOT NULL,
    connection text NOT NULL,
    queue text NOT NULL,
    payload text NOT NULL,
    exception text NOT NULL,
    failed_at timestamp(0) without time zone DEFAULT now() NOT NULL
);


ALTER TABLE public.failed_jobs OWNER TO postgres;

--
-- Name: failed_jobs_id_seq; Type: SEQUENCE; Schema: public; Owner: postgres
--

CREATE SEQUENCE public.failed_jobs_id_seq
    START WITH 1
    INCREMENT BY 1
    NO MINVALUE
    NO MAXVALUE
    CACHE 1;


ALTER TABLE public.failed_jobs_id_seq OWNER TO postgres;

--
-- Name: failed_jobs_id_seq; Type: SEQUENCE OWNED BY; Schema: public; Owner: postgres
--

ALTER SEQUENCE public.failed_jobs_id_seq OWNED BY public.failed_jobs.id;


--
-- Name: infraestructura; Type: TABLE; Schema: public; Owner: postgres
--

CREATE TABLE public.infraestructura (
    id bigint NOT NULL,
    nombre_infraestructura character varying(255) NOT NULL,
    id_coordenadas bigint NOT NULL,
    id_proceso bigint NOT NULL,
    id_sistema bigint NOT NULL,
    id_acueducto bigint NOT NULL,
    deleted_at timestamp(0) without time zone,
    created_at timestamp(0) without time zone,
    updated_at timestamp(0) without time zone,
    id_fabricante bigint NOT NULL
);


ALTER TABLE public.infraestructura OWNER TO postgres;

--
-- Name: COLUMN infraestructura.nombre_infraestructura; Type: COMMENT; Schema: public; Owner: postgres
--

COMMENT ON COLUMN public.infraestructura.nombre_infraestructura IS 'infraestructura';


--
-- Name: infraestructura_id_seq; Type: SEQUENCE; Schema: public; Owner: postgres
--

CREATE SEQUENCE public.infraestructura_id_seq
    START WITH 1
    INCREMENT BY 1
    NO MINVALUE
    NO MAXVALUE
    CACHE 1;


ALTER TABLE public.infraestructura_id_seq OWNER TO postgres;

--
-- Name: infraestructura_id_seq; Type: SEQUENCE OWNED BY; Schema: public; Owner: postgres
--

ALTER SEQUENCE public.infraestructura_id_seq OWNED BY public.infraestructura.id;


--
-- Name: manifold; Type: TABLE; Schema: public; Owner: postgres
--

CREATE TABLE public.manifold (
    id bigint NOT NULL,
    id_tipo_manifold bigint NOT NULL,
    cant_bridas bigint NOT NULL,
    cant_monometro bigint NOT NULL,
    cant_valvulas bigint NOT NULL,
    cant_tuberias bigint NOT NULL,
    id_equipo bigint NOT NULL,
    deleted_at timestamp(0) without time zone,
    created_at timestamp(0) without time zone,
    updated_at timestamp(0) without time zone
);


ALTER TABLE public.manifold OWNER TO postgres;

--
-- Name: manifold_id_seq; Type: SEQUENCE; Schema: public; Owner: postgres
--

CREATE SEQUENCE public.manifold_id_seq
    START WITH 1
    INCREMENT BY 1
    NO MINVALUE
    NO MAXVALUE
    CACHE 1;


ALTER TABLE public.manifold_id_seq OWNER TO postgres;

--
-- Name: manifold_id_seq; Type: SEQUENCE OWNED BY; Schema: public; Owner: postgres
--

ALTER SEQUENCE public.manifold_id_seq OWNED BY public.manifold.id;


--
-- Name: miembros_organizacion; Type: TABLE; Schema: public; Owner: postgres
--

CREATE TABLE public.miembros_organizacion (
    id bigint NOT NULL,
    nombre character varying(255) NOT NULL,
    apellido character varying(255) NOT NULL,
    cedula integer NOT NULL,
    telefono integer NOT NULL,
    rif character varying(255) NOT NULL,
    id_organizacion_popular bigint NOT NULL,
    id_tipo_funcion bigint NOT NULL,
    fecha_ingreso date NOT NULL,
    deleted_at timestamp(0) without time zone,
    created_at timestamp(0) without time zone,
    updated_at timestamp(0) without time zone
);


ALTER TABLE public.miembros_organizacion OWNER TO postgres;

--
-- Name: COLUMN miembros_organizacion.id_tipo_funcion; Type: COMMENT; Schema: public; Owner: postgres
--

COMMENT ON COLUMN public.miembros_organizacion.id_tipo_funcion IS 'que funcion cumple en la organizacion';


--
-- Name: miembros_organizacion_id_seq; Type: SEQUENCE; Schema: public; Owner: postgres
--

CREATE SEQUENCE public.miembros_organizacion_id_seq
    START WITH 1
    INCREMENT BY 1
    NO MINVALUE
    NO MAXVALUE
    CACHE 1;


ALTER TABLE public.miembros_organizacion_id_seq OWNER TO postgres;

--
-- Name: miembros_organizacion_id_seq; Type: SEQUENCE OWNED BY; Schema: public; Owner: postgres
--

ALTER SEQUENCE public.miembros_organizacion_id_seq OWNED BY public.miembros_organizacion.id;


--
-- Name: migrations; Type: TABLE; Schema: public; Owner: postgres
--

CREATE TABLE public.migrations (
    id integer NOT NULL,
    migration character varying(255) NOT NULL,
    batch integer NOT NULL
);


ALTER TABLE public.migrations OWNER TO postgres;

--
-- Name: migrations_id_seq; Type: SEQUENCE; Schema: public; Owner: postgres
--

CREATE SEQUENCE public.migrations_id_seq
    START WITH 1
    INCREMENT BY 1
    NO MINVALUE
    NO MAXVALUE
    CACHE 1;


ALTER TABLE public.migrations_id_seq OWNER TO postgres;

--
-- Name: migrations_id_seq; Type: SEQUENCE OWNED BY; Schema: public; Owner: postgres
--

ALTER SEQUENCE public.migrations_id_seq OWNED BY public.migrations.id;


--
-- Name: model_has_permissions; Type: TABLE; Schema: public; Owner: postgres
--

CREATE TABLE public.model_has_permissions (
    permission_id bigint NOT NULL,
    model_type character varying(255) NOT NULL,
    model_id bigint NOT NULL
);


ALTER TABLE public.model_has_permissions OWNER TO postgres;

--
-- Name: model_has_roles; Type: TABLE; Schema: public; Owner: postgres
--

CREATE TABLE public.model_has_roles (
    role_id bigint NOT NULL,
    model_type character varying(255) NOT NULL,
    model_id bigint NOT NULL
);


ALTER TABLE public.model_has_roles OWNER TO postgres;

--
-- Name: motores; Type: TABLE; Schema: public; Owner: postgres
--

CREATE TABLE public.motores (
    id bigint NOT NULL,
    potencia numeric(8,2) NOT NULL,
    amperaje numeric(8,2) NOT NULL,
    tension numeric(8,2) NOT NULL,
    rpm numeric(8,2) NOT NULL,
    capacidad_amperio numeric(8,2) NOT NULL,
    contactor numeric(8,2) NOT NULL,
    rele_termico numeric(8,2) NOT NULL,
    temperatura numeric(8,2) NOT NULL,
    id_tipo_motor bigint NOT NULL,
    id_tipo_interruptor bigint NOT NULL,
    id_tipo_arranque bigint NOT NULL,
    id_equipo bigint NOT NULL,
    supervisor_fase character varying(255) NOT NULL,
    deleted_at timestamp(0) without time zone,
    created_at timestamp(0) without time zone,
    updated_at timestamp(0) without time zone
);


ALTER TABLE public.motores OWNER TO postgres;

--
-- Name: motores_id_seq; Type: SEQUENCE; Schema: public; Owner: postgres
--

CREATE SEQUENCE public.motores_id_seq
    START WITH 1
    INCREMENT BY 1
    NO MINVALUE
    NO MAXVALUE
    CACHE 1;


ALTER TABLE public.motores_id_seq OWNER TO postgres;

--
-- Name: motores_id_seq; Type: SEQUENCE OWNED BY; Schema: public; Owner: postgres
--

ALTER SEQUENCE public.motores_id_seq OWNED BY public.motores.id;


--
-- Name: municipios; Type: TABLE; Schema: public; Owner: postgres
--

CREATE TABLE public.municipios (
    id bigint NOT NULL,
    estado_id bigint NOT NULL,
    municipio character varying(255) NOT NULL,
    created_at timestamp(0) without time zone,
    updated_at timestamp(0) without time zone
);


ALTER TABLE public.municipios OWNER TO postgres;

--
-- Name: COLUMN municipios.municipio; Type: COMMENT; Schema: public; Owner: postgres
--

COMMENT ON COLUMN public.municipios.municipio IS 'nombre del municipio';


--
-- Name: municipios_id_seq; Type: SEQUENCE; Schema: public; Owner: postgres
--

CREATE SEQUENCE public.municipios_id_seq
    START WITH 1
    INCREMENT BY 1
    NO MINVALUE
    NO MAXVALUE
    CACHE 1;


ALTER TABLE public.municipios_id_seq OWNER TO postgres;

--
-- Name: municipios_id_seq; Type: SEQUENCE OWNED BY; Schema: public; Owner: postgres
--

ALTER SEQUENCE public.municipios_id_seq OWNED BY public.municipios.id;


--
-- Name: obras; Type: TABLE; Schema: public; Owner: postgres
--

CREATE TABLE public.obras (
    id bigint NOT NULL,
    id_tipo_proyecto bigint NOT NULL,
    id_tipo_proceso_hidrico bigint NOT NULL,
    id_tipo_infraestructura bigint NOT NULL,
    id_accion_realizar bigint NOT NULL,
    id_tipo_caracteristica_accion_obras bigint NOT NULL,
    descripcion character varying(255) NOT NULL,
    lps_recuperados character varying(255) NOT NULL,
    mejoras_servicio character varying(255) NOT NULL,
    id_accion bigint NOT NULL,
    deleted_at timestamp(0) without time zone,
    created_at timestamp(0) without time zone,
    updated_at timestamp(0) without time zone
);


ALTER TABLE public.obras OWNER TO postgres;

--
-- Name: obras_id_seq; Type: SEQUENCE; Schema: public; Owner: postgres
--

CREATE SEQUENCE public.obras_id_seq
    START WITH 1
    INCREMENT BY 1
    NO MINVALUE
    NO MAXVALUE
    CACHE 1;


ALTER TABLE public.obras_id_seq OWNER TO postgres;

--
-- Name: obras_id_seq; Type: SEQUENCE OWNED BY; Schema: public; Owner: postgres
--

ALTER SEQUENCE public.obras_id_seq OWNED BY public.obras.id;


--
-- Name: operatividad; Type: TABLE; Schema: public; Owner: postgres
--

CREATE TABLE public.operatividad (
    id bigint NOT NULL,
    operatividad character varying(255) NOT NULL,
    created_at timestamp(0) without time zone,
    updated_at timestamp(0) without time zone
);


ALTER TABLE public.operatividad OWNER TO postgres;

--
-- Name: operatividad_id_seq; Type: SEQUENCE; Schema: public; Owner: postgres
--

CREATE SEQUENCE public.operatividad_id_seq
    START WITH 1
    INCREMENT BY 1
    NO MINVALUE
    NO MAXVALUE
    CACHE 1;


ALTER TABLE public.operatividad_id_seq OWNER TO postgres;

--
-- Name: operatividad_id_seq; Type: SEQUENCE OWNED BY; Schema: public; Owner: postgres
--

ALTER SEQUENCE public.operatividad_id_seq OWNED BY public.operatividad.id;


--
-- Name: organizaciones_populares; Type: TABLE; Schema: public; Owner: postgres
--

CREATE TABLE public.organizaciones_populares (
    id bigint NOT NULL,
    nombre_organizacion character varying(255) NOT NULL,
    id_tipo_organizacion_popular bigint NOT NULL,
    id_coordenadas bigint NOT NULL,
    id_acueducto bigint NOT NULL,
    cant_miembros integer NOT NULL,
    fecha_creacion date NOT NULL,
    deleted_at timestamp(0) without time zone,
    created_at timestamp(0) without time zone,
    updated_at timestamp(0) without time zone
);


ALTER TABLE public.organizaciones_populares OWNER TO postgres;

--
-- Name: organizaciones_populares_id_seq; Type: SEQUENCE; Schema: public; Owner: postgres
--

CREATE SEQUENCE public.organizaciones_populares_id_seq
    START WITH 1
    INCREMENT BY 1
    NO MINVALUE
    NO MAXVALUE
    CACHE 1;


ALTER TABLE public.organizaciones_populares_id_seq OWNER TO postgres;

--
-- Name: organizaciones_populares_id_seq; Type: SEQUENCE OWNED BY; Schema: public; Owner: postgres
--

ALTER SEQUENCE public.organizaciones_populares_id_seq OWNED BY public.organizaciones_populares.id;


--
-- Name: parroquias; Type: TABLE; Schema: public; Owner: postgres
--

CREATE TABLE public.parroquias (
    id bigint NOT NULL,
    municipio_id bigint NOT NULL,
    parroquia character varying(255) NOT NULL,
    created_at timestamp(0) without time zone,
    updated_at timestamp(0) without time zone
);


ALTER TABLE public.parroquias OWNER TO postgres;

--
-- Name: COLUMN parroquias.parroquia; Type: COMMENT; Schema: public; Owner: postgres
--

COMMENT ON COLUMN public.parroquias.parroquia IS 'nombre de la parroquia';


--
-- Name: parroquias_id_seq; Type: SEQUENCE; Schema: public; Owner: postgres
--

CREATE SEQUENCE public.parroquias_id_seq
    START WITH 1
    INCREMENT BY 1
    NO MINVALUE
    NO MAXVALUE
    CACHE 1;


ALTER TABLE public.parroquias_id_seq OWNER TO postgres;

--
-- Name: parroquias_id_seq; Type: SEQUENCE OWNED BY; Schema: public; Owner: postgres
--

ALTER SEQUENCE public.parroquias_id_seq OWNED BY public.parroquias.id;


--
-- Name: password_resets; Type: TABLE; Schema: public; Owner: postgres
--

CREATE TABLE public.password_resets (
    email character varying(255) NOT NULL,
    token character varying(255) NOT NULL,
    created_at timestamp(0) without time zone
);


ALTER TABLE public.password_resets OWNER TO postgres;

--
-- Name: permissions; Type: TABLE; Schema: public; Owner: postgres
--

CREATE TABLE public.permissions (
    id bigint NOT NULL,
    name character varying(255) NOT NULL,
    guard_name character varying(255) NOT NULL,
    created_at timestamp(0) without time zone,
    updated_at timestamp(0) without time zone
);


ALTER TABLE public.permissions OWNER TO postgres;

--
-- Name: permissions_id_seq; Type: SEQUENCE; Schema: public; Owner: postgres
--

CREATE SEQUENCE public.permissions_id_seq
    START WITH 1
    INCREMENT BY 1
    NO MINVALUE
    NO MAXVALUE
    CACHE 1;


ALTER TABLE public.permissions_id_seq OWNER TO postgres;

--
-- Name: permissions_id_seq; Type: SEQUENCE OWNED BY; Schema: public; Owner: postgres
--

ALTER SEQUENCE public.permissions_id_seq OWNED BY public.permissions.id;


--
-- Name: personal_access_tokens; Type: TABLE; Schema: public; Owner: postgres
--

CREATE TABLE public.personal_access_tokens (
    id bigint NOT NULL,
    tokenable_type character varying(255) NOT NULL,
    tokenable_id bigint NOT NULL,
    name character varying(255) NOT NULL,
    token character varying(64) NOT NULL,
    abilities text,
    last_used_at timestamp(0) without time zone,
    created_at timestamp(0) without time zone,
    updated_at timestamp(0) without time zone
);


ALTER TABLE public.personal_access_tokens OWNER TO postgres;

--
-- Name: personal_access_tokens_id_seq; Type: SEQUENCE; Schema: public; Owner: postgres
--

CREATE SEQUENCE public.personal_access_tokens_id_seq
    START WITH 1
    INCREMENT BY 1
    NO MINVALUE
    NO MAXVALUE
    CACHE 1;


ALTER TABLE public.personal_access_tokens_id_seq OWNER TO postgres;

--
-- Name: personal_access_tokens_id_seq; Type: SEQUENCE OWNED BY; Schema: public; Owner: postgres
--

ALTER SEQUENCE public.personal_access_tokens_id_seq OWNED BY public.personal_access_tokens.id;


--
-- Name: planes; Type: TABLE; Schema: public; Owner: postgres
--

CREATE TABLE public.planes (
    id bigint NOT NULL,
    fecha date NOT NULL,
    id_acueducto bigint NOT NULL,
    id_semana bigint NOT NULL,
    id_tipo_plan bigint NOT NULL,
    facturacion integer NOT NULL,
    nombre_plan character varying(255) NOT NULL,
    id_datos_plan bigint NOT NULL,
    deleted_at timestamp(0) without time zone,
    created_at timestamp(0) without time zone,
    updated_at timestamp(0) without time zone
);


ALTER TABLE public.planes OWNER TO postgres;

--
-- Name: planes_id_seq; Type: SEQUENCE; Schema: public; Owner: postgres
--

CREATE SEQUENCE public.planes_id_seq
    START WITH 1
    INCREMENT BY 1
    NO MINVALUE
    NO MAXVALUE
    CACHE 1;


ALTER TABLE public.planes_id_seq OWNER TO postgres;

--
-- Name: planes_id_seq; Type: SEQUENCE OWNED BY; Schema: public; Owner: postgres
--

ALTER SEQUENCE public.planes_id_seq OWNED BY public.planes.id;


--
-- Name: plantas; Type: TABLE; Schema: public; Owner: postgres
--

CREATE TABLE public.plantas (
    id bigint NOT NULL,
    nombre character varying(255) NOT NULL,
    "caudal_diseño" numeric(8,2) NOT NULL,
    id_tipo_planta bigint NOT NULL,
    id_infraestructura bigint NOT NULL,
    deleted_at timestamp(0) without time zone,
    created_at timestamp(0) without time zone,
    updated_at timestamp(0) without time zone
);


ALTER TABLE public.plantas OWNER TO postgres;

--
-- Name: COLUMN plantas.nombre; Type: COMMENT; Schema: public; Owner: postgres
--

COMMENT ON COLUMN public.plantas.nombre IS 'nombre planta';


--
-- Name: plantas_id_seq; Type: SEQUENCE; Schema: public; Owner: postgres
--

CREATE SEQUENCE public.plantas_id_seq
    START WITH 1
    INCREMENT BY 1
    NO MINVALUE
    NO MAXVALUE
    CACHE 1;


ALTER TABLE public.plantas_id_seq OWNER TO postgres;

--
-- Name: plantas_id_seq; Type: SEQUENCE OWNED BY; Schema: public; Owner: postgres
--

ALTER SEQUENCE public.plantas_id_seq OWNED BY public.plantas.id;


--
-- Name: pozo_profundo; Type: TABLE; Schema: public; Owner: postgres
--

CREATE TABLE public.pozo_profundo (
    id bigint NOT NULL,
    reg bigint NOT NULL,
    nombre character varying(255) NOT NULL,
    caudal_diseno numeric(8,2) NOT NULL,
    id_infraestructura bigint NOT NULL,
    deleted_at timestamp(0) without time zone,
    created_at timestamp(0) without time zone,
    updated_at timestamp(0) without time zone
);


ALTER TABLE public.pozo_profundo OWNER TO postgres;

--
-- Name: COLUMN pozo_profundo.reg; Type: COMMENT; Schema: public; Owner: postgres
--

COMMENT ON COLUMN public.pozo_profundo.reg IS 'por descubrir';


--
-- Name: COLUMN pozo_profundo.nombre; Type: COMMENT; Schema: public; Owner: postgres
--

COMMENT ON COLUMN public.pozo_profundo.nombre IS 'nombre pozo profundo';


--
-- Name: pozo_profundos_id_seq; Type: SEQUENCE; Schema: public; Owner: postgres
--

CREATE SEQUENCE public.pozo_profundos_id_seq
    START WITH 1
    INCREMENT BY 1
    NO MINVALUE
    NO MAXVALUE
    CACHE 1;


ALTER TABLE public.pozo_profundos_id_seq OWNER TO postgres;

--
-- Name: pozo_profundos_id_seq; Type: SEQUENCE OWNED BY; Schema: public; Owner: postgres
--

ALTER SEQUENCE public.pozo_profundos_id_seq OWNED BY public.pozo_profundo.id;


--
-- Name: proceso_hidrico; Type: TABLE; Schema: public; Owner: postgres
--

CREATE TABLE public.proceso_hidrico (
    id bigint NOT NULL,
    descripcion_proceso character varying(255) NOT NULL,
    deleted_at timestamp(0) without time zone,
    created_at timestamp(0) without time zone,
    updated_at timestamp(0) without time zone
);


ALTER TABLE public.proceso_hidrico OWNER TO postgres;

--
-- Name: COLUMN proceso_hidrico.descripcion_proceso; Type: COMMENT; Schema: public; Owner: postgres
--

COMMENT ON COLUMN public.proceso_hidrico.descripcion_proceso IS 'tipos de infraestructura';


--
-- Name: reportes_averias; Type: TABLE; Schema: public; Owner: postgres
--

CREATE TABLE public.reportes_averias (
    id bigint NOT NULL,
    fecha date NOT NULL,
    id_tipo_reporte bigint NOT NULL,
    id_acueducto bigint NOT NULL,
    nombre_cliente_reporta character varying(255) NOT NULL,
    telefono integer NOT NULL,
    "1x10" smallint NOT NULL,
    direccion character varying(255) NOT NULL,
    numero_servicio integer NOT NULL,
    descripcion_averia character varying(255) NOT NULL,
    id_coordenadas bigint NOT NULL,
    deleted_at timestamp(0) without time zone,
    created_at timestamp(0) without time zone,
    updated_at timestamp(0) without time zone
);


ALTER TABLE public.reportes_averias OWNER TO postgres;

--
-- Name: reportes_averias_id_seq; Type: SEQUENCE; Schema: public; Owner: postgres
--

CREATE SEQUENCE public.reportes_averias_id_seq
    START WITH 1
    INCREMENT BY 1
    NO MINVALUE
    NO MAXVALUE
    CACHE 1;


ALTER TABLE public.reportes_averias_id_seq OWNER TO postgres;

--
-- Name: reportes_averias_id_seq; Type: SEQUENCE OWNED BY; Schema: public; Owner: postgres
--

ALTER SEQUENCE public.reportes_averias_id_seq OWNED BY public.reportes_averias.id;


--
-- Name: role_has_permissions; Type: TABLE; Schema: public; Owner: postgres
--

CREATE TABLE public.role_has_permissions (
    permission_id bigint NOT NULL,
    role_id bigint NOT NULL
);


ALTER TABLE public.role_has_permissions OWNER TO postgres;

--
-- Name: roles; Type: TABLE; Schema: public; Owner: postgres
--

CREATE TABLE public.roles (
    id bigint NOT NULL,
    name character varying(255) NOT NULL,
    guard_name character varying(255) NOT NULL,
    created_at timestamp(0) without time zone,
    updated_at timestamp(0) without time zone
);


ALTER TABLE public.roles OWNER TO postgres;

--
-- Name: roles_id_seq; Type: SEQUENCE; Schema: public; Owner: postgres
--

CREATE SEQUENCE public.roles_id_seq
    START WITH 1
    INCREMENT BY 1
    NO MINVALUE
    NO MAXVALUE
    CACHE 1;


ALTER TABLE public.roles_id_seq OWNER TO postgres;

--
-- Name: roles_id_seq; Type: SEQUENCE OWNED BY; Schema: public; Owner: postgres
--

ALTER SEQUENCE public.roles_id_seq OWNED BY public.roles.id;


--
-- Name: sectores; Type: TABLE; Schema: public; Owner: postgres
--

CREATE TABLE public.sectores (
    id bigint NOT NULL,
    sector character varying(255) NOT NULL,
    id_parroquia bigint NOT NULL,
    deleted_at timestamp(0) without time zone,
    created_at timestamp(0) without time zone,
    updated_at timestamp(0) without time zone
);


ALTER TABLE public.sectores OWNER TO postgres;

--
-- Name: sectores_id_seq; Type: SEQUENCE; Schema: public; Owner: postgres
--

CREATE SEQUENCE public.sectores_id_seq
    START WITH 1
    INCREMENT BY 1
    NO MINVALUE
    NO MAXVALUE
    CACHE 1;


ALTER TABLE public.sectores_id_seq OWNER TO postgres;

--
-- Name: sectores_id_seq; Type: SEQUENCE OWNED BY; Schema: public; Owner: postgres
--

ALTER SEQUENCE public.sectores_id_seq OWNED BY public.sectores.id;


--
-- Name: seguimiento; Type: TABLE; Schema: public; Owner: postgres
--

CREATE TABLE public.seguimiento (
    id_seguimiento bigint NOT NULL,
    cod_reporte bigint NOT NULL,
    cod_material_tuberia character varying,
    cod_tipo_red character varying,
    cod_causa_posible character varying,
    fecha_inicio date,
    fecha_fin date,
    id_estatu integer,
    pendiente_bacheo character varying,
    tiene_valla character varying,
    actividades_realizadas character varying,
    cuadrilla character varying,
    id_direccion integer NOT NULL,
    ubicacion character varying,
    cod_elemento_falla character varying,
    diametro character varying,
    profundidad character varying,
    descarga character varying,
    hueco character varying(2),
    profundidad_hueco integer,
    ancho integer,
    largo integer
);


ALTER TABLE public.seguimiento OWNER TO postgres;

--
-- Name: seguimiento_materiales; Type: TABLE; Schema: public; Owner: postgres
--

CREATE TABLE public.seguimiento_materiales (
    id_seguimiento integer,
    material character varying,
    cantidad character varying,
    orden_almacen character varying,
    id_seg_material integer NOT NULL
);


ALTER TABLE public.seguimiento_materiales OWNER TO postgres;

--
-- Name: semanas; Type: TABLE; Schema: public; Owner: postgres
--

CREATE TABLE public.semanas (
    id bigint NOT NULL,
    semanas character varying(255) NOT NULL,
    deleted_at timestamp(0) without time zone,
    created_at timestamp(0) without time zone,
    updated_at timestamp(0) without time zone
);


ALTER TABLE public.semanas OWNER TO postgres;

--
-- Name: semanas_id_seq; Type: SEQUENCE; Schema: public; Owner: postgres
--

CREATE SEQUENCE public.semanas_id_seq
    START WITH 1
    INCREMENT BY 1
    NO MINVALUE
    NO MAXVALUE
    CACHE 1;


ALTER TABLE public.semanas_id_seq OWNER TO postgres;

--
-- Name: semanas_id_seq; Type: SEQUENCE OWNED BY; Schema: public; Owner: postgres
--

ALTER SEQUENCE public.semanas_id_seq OWNED BY public.semanas.id;


--
-- Name: sino; Type: TABLE; Schema: public; Owner: postgres
--

CREATE TABLE public.sino (
    id integer NOT NULL,
    descripcion character varying(255) NOT NULL
);


ALTER TABLE public.sino OWNER TO postgres;

--
-- Name: sino_id_seq; Type: SEQUENCE; Schema: public; Owner: postgres
--

CREATE SEQUENCE public.sino_id_seq
    AS integer
    START WITH 1
    INCREMENT BY 1
    NO MINVALUE
    NO MAXVALUE
    CACHE 1;


ALTER TABLE public.sino_id_seq OWNER TO postgres;

--
-- Name: sino_id_seq; Type: SEQUENCE OWNED BY; Schema: public; Owner: postgres
--

ALTER SEQUENCE public.sino_id_seq OWNED BY public.sino.id;


--
-- Name: sistemas; Type: TABLE; Schema: public; Owner: postgres
--

CREATE TABLE public.sistemas (
    id bigint NOT NULL,
    sistemas character varying(255) NOT NULL,
    deleted_at timestamp(0) without time zone,
    created_at timestamp(0) without time zone,
    updated_at timestamp(0) without time zone,
    id_proceso character varying
);


ALTER TABLE public.sistemas OWNER TO postgres;

--
-- Name: COLUMN sistemas.sistemas; Type: COMMENT; Schema: public; Owner: postgres
--

COMMENT ON COLUMN public.sistemas.sistemas IS 'sistema';


--
-- Name: sistemas_id_seq; Type: SEQUENCE; Schema: public; Owner: postgres
--

CREATE SEQUENCE public.sistemas_id_seq
    START WITH 1
    INCREMENT BY 1
    NO MINVALUE
    NO MAXVALUE
    CACHE 1;


ALTER TABLE public.sistemas_id_seq OWNER TO postgres;

--
-- Name: sistemas_id_seq; Type: SEQUENCE OWNED BY; Schema: public; Owner: postgres
--

ALTER SEQUENCE public.sistemas_id_seq OWNED BY public.sistemas.id;


--
-- Name: tableros; Type: TABLE; Schema: public; Owner: postgres
--

CREATE TABLE public.tableros (
    id bigint NOT NULL,
    ancho numeric(8,2) NOT NULL,
    alto numeric(8,2) NOT NULL,
    profundidad numeric(8,2) NOT NULL,
    aislante numeric(8,2) NOT NULL,
    capacidad numeric(8,2) NOT NULL,
    id_equipo bigint NOT NULL,
    id_tipo_tension bigint NOT NULL,
    deleted_at timestamp(0) without time zone,
    created_at timestamp(0) without time zone,
    updated_at timestamp(0) without time zone
);


ALTER TABLE public.tableros OWNER TO postgres;

--
-- Name: tableros_id_seq; Type: SEQUENCE; Schema: public; Owner: postgres
--

CREATE SEQUENCE public.tableros_id_seq
    START WITH 1
    INCREMENT BY 1
    NO MINVALUE
    NO MAXVALUE
    CACHE 1;


ALTER TABLE public.tableros_id_seq OWNER TO postgres;

--
-- Name: tableros_id_seq; Type: SEQUENCE OWNED BY; Schema: public; Owner: postgres
--

ALTER SEQUENCE public.tableros_id_seq OWNED BY public.tableros.id;


--
-- Name: tiempo_ejecucion; Type: TABLE; Schema: public; Owner: postgres
--

CREATE TABLE public.tiempo_ejecucion (
    id bigint NOT NULL,
    tiempo_ejecucion character varying(255) NOT NULL,
    deleted_at timestamp(0) without time zone,
    created_at timestamp(0) without time zone,
    updated_at timestamp(0) without time zone
);


ALTER TABLE public.tiempo_ejecucion OWNER TO postgres;

--
-- Name: COLUMN tiempo_ejecucion.tiempo_ejecucion; Type: COMMENT; Schema: public; Owner: postgres
--

COMMENT ON COLUMN public.tiempo_ejecucion.tiempo_ejecucion IS 'escribir los meses del 1 al 12 idk';


--
-- Name: tiempo_ejecucion_id_seq; Type: SEQUENCE; Schema: public; Owner: postgres
--

CREATE SEQUENCE public.tiempo_ejecucion_id_seq
    START WITH 1
    INCREMENT BY 1
    NO MINVALUE
    NO MAXVALUE
    CACHE 1;


ALTER TABLE public.tiempo_ejecucion_id_seq OWNER TO postgres;

--
-- Name: tiempo_ejecucion_id_seq; Type: SEQUENCE OWNED BY; Schema: public; Owner: postgres
--

ALTER SEQUENCE public.tiempo_ejecucion_id_seq OWNED BY public.tiempo_ejecucion.id;


--
-- Name: tipo_accion_realizar_obras; Type: TABLE; Schema: public; Owner: postgres
--

CREATE TABLE public.tipo_accion_realizar_obras (
    id bigint NOT NULL,
    tipo_accion_realizar_obras character varying(255) NOT NULL,
    deleted_at timestamp(0) without time zone,
    created_at timestamp(0) without time zone,
    updated_at timestamp(0) without time zone
);


ALTER TABLE public.tipo_accion_realizar_obras OWNER TO postgres;

--
-- Name: tipo_accion_realizar_obras_id_seq; Type: SEQUENCE; Schema: public; Owner: postgres
--

CREATE SEQUENCE public.tipo_accion_realizar_obras_id_seq
    START WITH 1
    INCREMENT BY 1
    NO MINVALUE
    NO MAXVALUE
    CACHE 1;


ALTER TABLE public.tipo_accion_realizar_obras_id_seq OWNER TO postgres;

--
-- Name: tipo_accion_realizar_obras_id_seq; Type: SEQUENCE OWNED BY; Schema: public; Owner: postgres
--

ALTER SEQUENCE public.tipo_accion_realizar_obras_id_seq OWNED BY public.tipo_accion_realizar_obras.id;


--
-- Name: tipo_accionamiento_valvula; Type: TABLE; Schema: public; Owner: postgres
--

CREATE TABLE public.tipo_accionamiento_valvula (
    id bigint NOT NULL,
    tipo_accionamiento character varying(255) NOT NULL,
    deleted_at timestamp(0) without time zone,
    created_at timestamp(0) without time zone,
    updated_at timestamp(0) without time zone
);


ALTER TABLE public.tipo_accionamiento_valvula OWNER TO postgres;

--
-- Name: tipo_accionamiento_valvula_id_seq; Type: SEQUENCE; Schema: public; Owner: postgres
--

CREATE SEQUENCE public.tipo_accionamiento_valvula_id_seq
    START WITH 1
    INCREMENT BY 1
    NO MINVALUE
    NO MAXVALUE
    CACHE 1;


ALTER TABLE public.tipo_accionamiento_valvula_id_seq OWNER TO postgres;

--
-- Name: tipo_accionamiento_valvula_id_seq; Type: SEQUENCE OWNED BY; Schema: public; Owner: postgres
--

ALTER SEQUENCE public.tipo_accionamiento_valvula_id_seq OWNED BY public.tipo_accionamiento_valvula.id;


--
-- Name: tipo_arranque; Type: TABLE; Schema: public; Owner: postgres
--

CREATE TABLE public.tipo_arranque (
    id bigint NOT NULL,
    tipo_arranque character varying(255) NOT NULL,
    deleted_at timestamp(0) without time zone,
    created_at timestamp(0) without time zone,
    updated_at timestamp(0) without time zone
);


ALTER TABLE public.tipo_arranque OWNER TO postgres;

--
-- Name: tipo_arranque_id_seq; Type: SEQUENCE; Schema: public; Owner: postgres
--

CREATE SEQUENCE public.tipo_arranque_id_seq
    START WITH 1
    INCREMENT BY 1
    NO MINVALUE
    NO MAXVALUE
    CACHE 1;


ALTER TABLE public.tipo_arranque_id_seq OWNER TO postgres;

--
-- Name: tipo_arranque_id_seq; Type: SEQUENCE OWNED BY; Schema: public; Owner: postgres
--

ALTER SEQUENCE public.tipo_arranque_id_seq OWNED BY public.tipo_arranque.id;


--
-- Name: tipo_caracteristicas_accion_obras; Type: TABLE; Schema: public; Owner: postgres
--

CREATE TABLE public.tipo_caracteristicas_accion_obras (
    id bigint NOT NULL,
    caracteristicas_accion_obras character varying(255) NOT NULL,
    deleted_at timestamp(0) without time zone,
    created_at timestamp(0) without time zone,
    updated_at timestamp(0) without time zone
);


ALTER TABLE public.tipo_caracteristicas_accion_obras OWNER TO postgres;

--
-- Name: tipo_caracteristicas_accion_obras_id_seq; Type: SEQUENCE; Schema: public; Owner: postgres
--

CREATE SEQUENCE public.tipo_caracteristicas_accion_obras_id_seq
    START WITH 1
    INCREMENT BY 1
    NO MINVALUE
    NO MAXVALUE
    CACHE 1;


ALTER TABLE public.tipo_caracteristicas_accion_obras_id_seq OWNER TO postgres;

--
-- Name: tipo_caracteristicas_accion_obras_id_seq; Type: SEQUENCE OWNED BY; Schema: public; Owner: postgres
--

ALTER SEQUENCE public.tipo_caracteristicas_accion_obras_id_seq OWNED BY public.tipo_caracteristicas_accion_obras.id;


--
-- Name: tipo_ejecucion; Type: TABLE; Schema: public; Owner: postgres
--

CREATE TABLE public.tipo_ejecucion (
    id bigint NOT NULL,
    tipo_ejecucion character varying(255) NOT NULL,
    deleted_at timestamp(0) without time zone,
    created_at timestamp(0) without time zone,
    updated_at timestamp(0) without time zone
);


ALTER TABLE public.tipo_ejecucion OWNER TO postgres;

--
-- Name: tipo_ejecucion_id_seq; Type: SEQUENCE; Schema: public; Owner: postgres
--

CREATE SEQUENCE public.tipo_ejecucion_id_seq
    START WITH 1
    INCREMENT BY 1
    NO MINVALUE
    NO MAXVALUE
    CACHE 1;


ALTER TABLE public.tipo_ejecucion_id_seq OWNER TO postgres;

--
-- Name: tipo_ejecucion_id_seq; Type: SEQUENCE OWNED BY; Schema: public; Owner: postgres
--

ALTER SEQUENCE public.tipo_ejecucion_id_seq OWNED BY public.tipo_ejecucion.id;


--
-- Name: tipo_equipo; Type: TABLE; Schema: public; Owner: postgres
--

CREATE TABLE public.tipo_equipo (
    id bigint NOT NULL,
    tipo_equipo character varying(255) NOT NULL,
    created_at timestamp(0) without time zone,
    updated_at timestamp(0) without time zone,
    deleted_at timestamp(0) without time zone
);


ALTER TABLE public.tipo_equipo OWNER TO postgres;

--
-- Name: tipo_equipo_id_seq; Type: SEQUENCE; Schema: public; Owner: postgres
--

CREATE SEQUENCE public.tipo_equipo_id_seq
    START WITH 1
    INCREMENT BY 1
    NO MINVALUE
    NO MAXVALUE
    CACHE 1;


ALTER TABLE public.tipo_equipo_id_seq OWNER TO postgres;

--
-- Name: tipo_equipo_id_seq; Type: SEQUENCE OWNED BY; Schema: public; Owner: postgres
--

ALTER SEQUENCE public.tipo_equipo_id_seq OWNED BY public.tipo_equipo.id;


--
-- Name: tipo_estacion_bombeo; Type: TABLE; Schema: public; Owner: postgres
--

CREATE TABLE public.tipo_estacion_bombeo (
    id bigint NOT NULL,
    tipo_estacion_bombeo character varying(255) NOT NULL,
    deleted_at timestamp(0) without time zone,
    created_at timestamp(0) without time zone,
    updated_at timestamp(0) without time zone
);


ALTER TABLE public.tipo_estacion_bombeo OWNER TO postgres;

--
-- Name: tipo_estacion_bombeo_id_seq; Type: SEQUENCE; Schema: public; Owner: postgres
--

CREATE SEQUENCE public.tipo_estacion_bombeo_id_seq
    START WITH 1
    INCREMENT BY 1
    NO MINVALUE
    NO MAXVALUE
    CACHE 1;


ALTER TABLE public.tipo_estacion_bombeo_id_seq OWNER TO postgres;

--
-- Name: tipo_estacion_bombeo_id_seq; Type: SEQUENCE OWNED BY; Schema: public; Owner: postgres
--

ALTER SEQUENCE public.tipo_estacion_bombeo_id_seq OWNED BY public.tipo_estacion_bombeo.id;


--
-- Name: tipo_estrategia; Type: TABLE; Schema: public; Owner: postgres
--

CREATE TABLE public.tipo_estrategia (
    id bigint NOT NULL,
    tipo_estrategia character varying(255) NOT NULL,
    deleted_at timestamp(0) without time zone,
    created_at timestamp(0) without time zone,
    updated_at timestamp(0) without time zone
);


ALTER TABLE public.tipo_estrategia OWNER TO postgres;

--
-- Name: tipo_estrategia_id_seq; Type: SEQUENCE; Schema: public; Owner: postgres
--

CREATE SEQUENCE public.tipo_estrategia_id_seq
    START WITH 1
    INCREMENT BY 1
    NO MINVALUE
    NO MAXVALUE
    CACHE 1;


ALTER TABLE public.tipo_estrategia_id_seq OWNER TO postgres;

--
-- Name: tipo_estrategia_id_seq; Type: SEQUENCE OWNED BY; Schema: public; Owner: postgres
--

ALTER SEQUENCE public.tipo_estrategia_id_seq OWNED BY public.tipo_estrategia.id;


--
-- Name: tipo_funciones; Type: TABLE; Schema: public; Owner: postgres
--

CREATE TABLE public.tipo_funciones (
    id bigint NOT NULL,
    tipo_funcion character varying(255) NOT NULL,
    deleted_at timestamp(0) without time zone,
    created_at timestamp(0) without time zone,
    updated_at timestamp(0) without time zone
);


ALTER TABLE public.tipo_funciones OWNER TO postgres;

--
-- Name: tipo_funciones_id_seq; Type: SEQUENCE; Schema: public; Owner: postgres
--

CREATE SEQUENCE public.tipo_funciones_id_seq
    START WITH 1
    INCREMENT BY 1
    NO MINVALUE
    NO MAXVALUE
    CACHE 1;


ALTER TABLE public.tipo_funciones_id_seq OWNER TO postgres;

--
-- Name: tipo_funciones_id_seq; Type: SEQUENCE OWNED BY; Schema: public; Owner: postgres
--

ALTER SEQUENCE public.tipo_funciones_id_seq OWNED BY public.tipo_funciones.id;


--
-- Name: tipo_infraestructura_id_seq; Type: SEQUENCE; Schema: public; Owner: postgres
--

CREATE SEQUENCE public.tipo_infraestructura_id_seq
    START WITH 1
    INCREMENT BY 1
    NO MINVALUE
    NO MAXVALUE
    CACHE 1;


ALTER TABLE public.tipo_infraestructura_id_seq OWNER TO postgres;

--
-- Name: tipo_infraestructura_id_seq; Type: SEQUENCE OWNED BY; Schema: public; Owner: postgres
--

ALTER SEQUENCE public.tipo_infraestructura_id_seq OWNED BY public.proceso_hidrico.id;


--
-- Name: tipo_interruptor; Type: TABLE; Schema: public; Owner: postgres
--

CREATE TABLE public.tipo_interruptor (
    id bigint NOT NULL,
    tipo_interruptor character varying(255) NOT NULL,
    deleted_at timestamp(0) without time zone,
    created_at timestamp(0) without time zone,
    updated_at timestamp(0) without time zone
);


ALTER TABLE public.tipo_interruptor OWNER TO postgres;

--
-- Name: tipo_interruptor_id_seq; Type: SEQUENCE; Schema: public; Owner: postgres
--

CREATE SEQUENCE public.tipo_interruptor_id_seq
    START WITH 1
    INCREMENT BY 1
    NO MINVALUE
    NO MAXVALUE
    CACHE 1;


ALTER TABLE public.tipo_interruptor_id_seq OWNER TO postgres;

--
-- Name: tipo_interruptor_id_seq; Type: SEQUENCE OWNED BY; Schema: public; Owner: postgres
--

ALTER SEQUENCE public.tipo_interruptor_id_seq OWNED BY public.tipo_interruptor.id;


--
-- Name: tipo_manifold; Type: TABLE; Schema: public; Owner: postgres
--

CREATE TABLE public.tipo_manifold (
    id bigint NOT NULL,
    tipo_manifold character varying(255) NOT NULL
);


ALTER TABLE public.tipo_manifold OWNER TO postgres;

--
-- Name: tipo_manifold_id_seq; Type: SEQUENCE; Schema: public; Owner: postgres
--

CREATE SEQUENCE public.tipo_manifold_id_seq
    START WITH 1
    INCREMENT BY 1
    NO MINVALUE
    NO MAXVALUE
    CACHE 1;


ALTER TABLE public.tipo_manifold_id_seq OWNER TO postgres;

--
-- Name: tipo_manifold_id_seq; Type: SEQUENCE OWNED BY; Schema: public; Owner: postgres
--

ALTER SEQUENCE public.tipo_manifold_id_seq OWNED BY public.tipo_manifold.id;


--
-- Name: tipo_material; Type: TABLE; Schema: public; Owner: postgres
--

CREATE TABLE public.tipo_material (
    id bigint NOT NULL,
    tipo_material character varying(255) NOT NULL,
    deleted_at timestamp(0) without time zone,
    created_at timestamp(0) without time zone,
    updated_at timestamp(0) without time zone
);


ALTER TABLE public.tipo_material OWNER TO postgres;

--
-- Name: tipo_material_id_seq; Type: SEQUENCE; Schema: public; Owner: postgres
--

CREATE SEQUENCE public.tipo_material_id_seq
    START WITH 1
    INCREMENT BY 1
    NO MINVALUE
    NO MAXVALUE
    CACHE 1;


ALTER TABLE public.tipo_material_id_seq OWNER TO postgres;

--
-- Name: tipo_material_id_seq; Type: SEQUENCE OWNED BY; Schema: public; Owner: postgres
--

ALTER SEQUENCE public.tipo_material_id_seq OWNED BY public.tipo_material.id;


--
-- Name: tipo_motor; Type: TABLE; Schema: public; Owner: postgres
--

CREATE TABLE public.tipo_motor (
    id bigint NOT NULL,
    tipo_motor character varying(255) NOT NULL,
    created_at timestamp(0) without time zone,
    updated_at timestamp(0) without time zone
);


ALTER TABLE public.tipo_motor OWNER TO postgres;

--
-- Name: tipo_motor_id_seq; Type: SEQUENCE; Schema: public; Owner: postgres
--

CREATE SEQUENCE public.tipo_motor_id_seq
    START WITH 1
    INCREMENT BY 1
    NO MINVALUE
    NO MAXVALUE
    CACHE 1;


ALTER TABLE public.tipo_motor_id_seq OWNER TO postgres;

--
-- Name: tipo_motor_id_seq; Type: SEQUENCE OWNED BY; Schema: public; Owner: postgres
--

ALTER SEQUENCE public.tipo_motor_id_seq OWNED BY public.tipo_motor.id;


--
-- Name: tipo_organizaciones_populares; Type: TABLE; Schema: public; Owner: postgres
--

CREATE TABLE public.tipo_organizaciones_populares (
    id bigint NOT NULL,
    tipo_organizacion_popular character varying(255) NOT NULL,
    deleted_at timestamp(0) without time zone,
    created_at timestamp(0) without time zone,
    updated_at timestamp(0) without time zone
);


ALTER TABLE public.tipo_organizaciones_populares OWNER TO postgres;

--
-- Name: tipo_organizaciones_populares_id_seq; Type: SEQUENCE; Schema: public; Owner: postgres
--

CREATE SEQUENCE public.tipo_organizaciones_populares_id_seq
    START WITH 1
    INCREMENT BY 1
    NO MINVALUE
    NO MAXVALUE
    CACHE 1;


ALTER TABLE public.tipo_organizaciones_populares_id_seq OWNER TO postgres;

--
-- Name: tipo_organizaciones_populares_id_seq; Type: SEQUENCE OWNED BY; Schema: public; Owner: postgres
--

ALTER SEQUENCE public.tipo_organizaciones_populares_id_seq OWNED BY public.tipo_organizaciones_populares.id;


--
-- Name: tipo_plan; Type: TABLE; Schema: public; Owner: postgres
--

CREATE TABLE public.tipo_plan (
    id bigint NOT NULL,
    tipo_plan character varying(255) NOT NULL,
    deleted_at timestamp(0) without time zone,
    created_at timestamp(0) without time zone,
    updated_at timestamp(0) without time zone
);


ALTER TABLE public.tipo_plan OWNER TO postgres;

--
-- Name: tipo_plan_id_seq; Type: SEQUENCE; Schema: public; Owner: postgres
--

CREATE SEQUENCE public.tipo_plan_id_seq
    START WITH 1
    INCREMENT BY 1
    NO MINVALUE
    NO MAXVALUE
    CACHE 1;


ALTER TABLE public.tipo_plan_id_seq OWNER TO postgres;

--
-- Name: tipo_plan_id_seq; Type: SEQUENCE OWNED BY; Schema: public; Owner: postgres
--

ALTER SEQUENCE public.tipo_plan_id_seq OWNED BY public.tipo_plan.id;


--
-- Name: tipo_planta; Type: TABLE; Schema: public; Owner: postgres
--

CREATE TABLE public.tipo_planta (
    id bigint NOT NULL,
    tipo_planta character varying(255) NOT NULL,
    deleted_at timestamp(0) without time zone,
    created_at timestamp(0) without time zone,
    updated_at timestamp(0) without time zone
);


ALTER TABLE public.tipo_planta OWNER TO postgres;

--
-- Name: COLUMN tipo_planta.tipo_planta; Type: COMMENT; Schema: public; Owner: postgres
--

COMMENT ON COLUMN public.tipo_planta.tipo_planta IS 'tipo de planta';


--
-- Name: tipo_planta_id_seq; Type: SEQUENCE; Schema: public; Owner: postgres
--

CREATE SEQUENCE public.tipo_planta_id_seq
    START WITH 1
    INCREMENT BY 1
    NO MINVALUE
    NO MAXVALUE
    CACHE 1;


ALTER TABLE public.tipo_planta_id_seq OWNER TO postgres;

--
-- Name: tipo_planta_id_seq; Type: SEQUENCE OWNED BY; Schema: public; Owner: postgres
--

ALTER SEQUENCE public.tipo_planta_id_seq OWNED BY public.tipo_planta.id;


--
-- Name: tipo_proceso_hidrico; Type: TABLE; Schema: public; Owner: postgres
--

CREATE TABLE public.tipo_proceso_hidrico (
    id bigint NOT NULL,
    tipo_proceso_hidrico character varying(255) NOT NULL,
    deleted_at timestamp(0) without time zone,
    created_at timestamp(0) without time zone,
    updated_at timestamp(0) without time zone
);


ALTER TABLE public.tipo_proceso_hidrico OWNER TO postgres;

--
-- Name: COLUMN tipo_proceso_hidrico.tipo_proceso_hidrico; Type: COMMENT; Schema: public; Owner: postgres
--

COMMENT ON COLUMN public.tipo_proceso_hidrico.tipo_proceso_hidrico IS 'tipos de infraestructura';


--
-- Name: tipo_proceso_hidrico_id_seq; Type: SEQUENCE; Schema: public; Owner: postgres
--

CREATE SEQUENCE public.tipo_proceso_hidrico_id_seq
    START WITH 1
    INCREMENT BY 1
    NO MINVALUE
    NO MAXVALUE
    CACHE 1;


ALTER TABLE public.tipo_proceso_hidrico_id_seq OWNER TO postgres;

--
-- Name: tipo_proceso_hidrico_id_seq; Type: SEQUENCE OWNED BY; Schema: public; Owner: postgres
--

ALTER SEQUENCE public.tipo_proceso_hidrico_id_seq OWNED BY public.tipo_proceso_hidrico.id;


--
-- Name: tipo_proyecto; Type: TABLE; Schema: public; Owner: postgres
--

CREATE TABLE public.tipo_proyecto (
    id bigint NOT NULL,
    tipo_proyecto character varying(255) NOT NULL,
    deleted_at timestamp(0) without time zone,
    created_at timestamp(0) without time zone,
    updated_at timestamp(0) without time zone
);


ALTER TABLE public.tipo_proyecto OWNER TO postgres;

--
-- Name: tipo_proyecto_id_seq; Type: SEQUENCE; Schema: public; Owner: postgres
--

CREATE SEQUENCE public.tipo_proyecto_id_seq
    START WITH 1
    INCREMENT BY 1
    NO MINVALUE
    NO MAXVALUE
    CACHE 1;


ALTER TABLE public.tipo_proyecto_id_seq OWNER TO postgres;

--
-- Name: tipo_proyecto_id_seq; Type: SEQUENCE OWNED BY; Schema: public; Owner: postgres
--

ALTER SEQUENCE public.tipo_proyecto_id_seq OWNED BY public.tipo_proyecto.id;


--
-- Name: tipo_red; Type: TABLE; Schema: public; Owner: postgres
--

CREATE TABLE public.tipo_red (
    id integer NOT NULL,
    descripcion_red character varying(255) NOT NULL
);


ALTER TABLE public.tipo_red OWNER TO postgres;

--
-- Name: tipo_red_id_seq; Type: SEQUENCE; Schema: public; Owner: postgres
--

CREATE SEQUENCE public.tipo_red_id_seq
    AS integer
    START WITH 1
    INCREMENT BY 1
    NO MINVALUE
    NO MAXVALUE
    CACHE 1;


ALTER TABLE public.tipo_red_id_seq OWNER TO postgres;

--
-- Name: tipo_red_id_seq; Type: SEQUENCE OWNED BY; Schema: public; Owner: postgres
--

ALTER SEQUENCE public.tipo_red_id_seq OWNED BY public.tipo_red.id;


--
-- Name: tipo_reportes_averias; Type: TABLE; Schema: public; Owner: postgres
--

CREATE TABLE public.tipo_reportes_averias (
    id bigint NOT NULL,
    tipo_reporte character varying(255) NOT NULL,
    deleted_at timestamp(0) without time zone,
    created_at timestamp(0) without time zone,
    updated_at timestamp(0) without time zone
);


ALTER TABLE public.tipo_reportes_averias OWNER TO postgres;

--
-- Name: tipo_reportes_averias_id_seq; Type: SEQUENCE; Schema: public; Owner: postgres
--

CREATE SEQUENCE public.tipo_reportes_averias_id_seq
    START WITH 1
    INCREMENT BY 1
    NO MINVALUE
    NO MAXVALUE
    CACHE 1;


ALTER TABLE public.tipo_reportes_averias_id_seq OWNER TO postgres;

--
-- Name: tipo_reportes_averias_id_seq; Type: SEQUENCE OWNED BY; Schema: public; Owner: postgres
--

ALTER SEQUENCE public.tipo_reportes_averias_id_seq OWNED BY public.tipo_reportes_averias.id;


--
-- Name: tipo_servicio_estacion_bombeo; Type: TABLE; Schema: public; Owner: postgres
--

CREATE TABLE public.tipo_servicio_estacion_bombeo (
    id bigint NOT NULL,
    tipo_servicio_estacion_bombeo character varying(255) NOT NULL,
    deleted_at timestamp(0) without time zone,
    created_at timestamp(0) without time zone,
    updated_at timestamp(0) without time zone
);


ALTER TABLE public.tipo_servicio_estacion_bombeo OWNER TO postgres;

--
-- Name: tipo_servicio_estacion_bombeo_id_seq; Type: SEQUENCE; Schema: public; Owner: postgres
--

CREATE SEQUENCE public.tipo_servicio_estacion_bombeo_id_seq
    START WITH 1
    INCREMENT BY 1
    NO MINVALUE
    NO MAXVALUE
    CACHE 1;


ALTER TABLE public.tipo_servicio_estacion_bombeo_id_seq OWNER TO postgres;

--
-- Name: tipo_servicio_estacion_bombeo_id_seq; Type: SEQUENCE OWNED BY; Schema: public; Owner: postgres
--

ALTER SEQUENCE public.tipo_servicio_estacion_bombeo_id_seq OWNED BY public.tipo_servicio_estacion_bombeo.id;


--
-- Name: tipo_tension_tablero; Type: TABLE; Schema: public; Owner: postgres
--

CREATE TABLE public.tipo_tension_tablero (
    id bigint NOT NULL,
    tipo_tension_tablero character varying(255) NOT NULL,
    deleted_at timestamp(0) without time zone,
    created_at timestamp(0) without time zone,
    updated_at timestamp(0) without time zone
);


ALTER TABLE public.tipo_tension_tablero OWNER TO postgres;

--
-- Name: tipo_tension_tablero_id_seq; Type: SEQUENCE; Schema: public; Owner: postgres
--

CREATE SEQUENCE public.tipo_tension_tablero_id_seq
    START WITH 1
    INCREMENT BY 1
    NO MINVALUE
    NO MAXVALUE
    CACHE 1;


ALTER TABLE public.tipo_tension_tablero_id_seq OWNER TO postgres;

--
-- Name: tipo_tension_tablero_id_seq; Type: SEQUENCE OWNED BY; Schema: public; Owner: postgres
--

ALTER SEQUENCE public.tipo_tension_tablero_id_seq OWNED BY public.tipo_tension_tablero.id;


--
-- Name: tipo_tuberia; Type: TABLE; Schema: public; Owner: postgres
--

CREATE TABLE public.tipo_tuberia (
    id bigint NOT NULL,
    tipo_tuberia character varying(255) NOT NULL,
    deleted_at timestamp(0) without time zone,
    created_at timestamp(0) without time zone,
    updated_at timestamp(0) without time zone
);


ALTER TABLE public.tipo_tuberia OWNER TO postgres;

--
-- Name: tipo_tuberia_id_seq; Type: SEQUENCE; Schema: public; Owner: postgres
--

CREATE SEQUENCE public.tipo_tuberia_id_seq
    START WITH 1
    INCREMENT BY 1
    NO MINVALUE
    NO MAXVALUE
    CACHE 1;


ALTER TABLE public.tipo_tuberia_id_seq OWNER TO postgres;

--
-- Name: tipo_tuberia_id_seq; Type: SEQUENCE OWNED BY; Schema: public; Owner: postgres
--

ALTER SEQUENCE public.tipo_tuberia_id_seq OWNED BY public.tipo_tuberia.id;


--
-- Name: tipo_valvulas; Type: TABLE; Schema: public; Owner: postgres
--

CREATE TABLE public.tipo_valvulas (
    id bigint NOT NULL,
    tipo_valvula character varying(255) NOT NULL,
    deleted_at timestamp(0) without time zone,
    created_at timestamp(0) without time zone,
    updated_at timestamp(0) without time zone
);


ALTER TABLE public.tipo_valvulas OWNER TO postgres;

--
-- Name: COLUMN tipo_valvulas.tipo_valvula; Type: COMMENT; Schema: public; Owner: postgres
--

COMMENT ON COLUMN public.tipo_valvulas.tipo_valvula IS 'tipo de valvula';


--
-- Name: tipo_valvulas_id_seq; Type: SEQUENCE; Schema: public; Owner: postgres
--

CREATE SEQUENCE public.tipo_valvulas_id_seq
    START WITH 1
    INCREMENT BY 1
    NO MINVALUE
    NO MAXVALUE
    CACHE 1;


ALTER TABLE public.tipo_valvulas_id_seq OWNER TO postgres;

--
-- Name: tipo_valvulas_id_seq; Type: SEQUENCE OWNED BY; Schema: public; Owner: postgres
--

ALTER SEQUENCE public.tipo_valvulas_id_seq OWNED BY public.tipo_valvulas.id;


--
-- Name: tipo_via; Type: TABLE; Schema: public; Owner: postgres
--

CREATE TABLE public.tipo_via (
    id integer NOT NULL,
    descrip_via character varying(255) NOT NULL,
    tipo_via character varying(255) NOT NULL
);


ALTER TABLE public.tipo_via OWNER TO postgres;

--
-- Name: tipo_via_id_seq; Type: SEQUENCE; Schema: public; Owner: postgres
--

CREATE SEQUENCE public.tipo_via_id_seq
    AS integer
    START WITH 1
    INCREMENT BY 1
    NO MINVALUE
    NO MAXVALUE
    CACHE 1;


ALTER TABLE public.tipo_via_id_seq OWNER TO postgres;

--
-- Name: tipo_via_id_seq; Type: SEQUENCE OWNED BY; Schema: public; Owner: postgres
--

ALTER SEQUENCE public.tipo_via_id_seq OWNED BY public.tipo_via.id;


--
-- Name: toma_rio; Type: TABLE; Schema: public; Owner: postgres
--

CREATE TABLE public.toma_rio (
    id bigint NOT NULL,
    nombre character varying(255) NOT NULL,
    id_infraestructura bigint NOT NULL,
    deleted_at timestamp(0) without time zone,
    created_at timestamp(0) without time zone,
    updated_at timestamp(0) without time zone
);


ALTER TABLE public.toma_rio OWNER TO postgres;

--
-- Name: COLUMN toma_rio.nombre; Type: COMMENT; Schema: public; Owner: postgres
--

COMMENT ON COLUMN public.toma_rio.nombre IS 'nombre toma rio';


--
-- Name: toma_rio_id_seq; Type: SEQUENCE; Schema: public; Owner: postgres
--

CREATE SEQUENCE public.toma_rio_id_seq
    START WITH 1
    INCREMENT BY 1
    NO MINVALUE
    NO MAXVALUE
    CACHE 1;


ALTER TABLE public.toma_rio_id_seq OWNER TO postgres;

--
-- Name: toma_rio_id_seq; Type: SEQUENCE OWNED BY; Schema: public; Owner: postgres
--

ALTER SEQUENCE public.toma_rio_id_seq OWNED BY public.toma_rio.id;


--
-- Name: tuberias; Type: TABLE; Schema: public; Owner: postgres
--

CREATE TABLE public.tuberias (
    id bigint NOT NULL,
    diametro numeric(8,2) NOT NULL,
    norma character varying(255) NOT NULL,
    grado character varying(255) NOT NULL,
    espesor numeric(8,2) NOT NULL,
    longitud numeric(8,2) NOT NULL,
    sdr numeric(8,2) NOT NULL,
    pn numeric(8,2) NOT NULL,
    rde numeric(8,2) NOT NULL,
    id_tipo_tuberia bigint NOT NULL,
    id_tipo_material bigint NOT NULL,
    id_equipo bigint NOT NULL,
    deleted_at timestamp(0) without time zone,
    created_at timestamp(0) without time zone,
    updated_at timestamp(0) without time zone
);


ALTER TABLE public.tuberias OWNER TO postgres;

--
-- Name: tuberias_id_seq; Type: SEQUENCE; Schema: public; Owner: postgres
--

CREATE SEQUENCE public.tuberias_id_seq
    START WITH 1
    INCREMENT BY 1
    NO MINVALUE
    NO MAXVALUE
    CACHE 1;


ALTER TABLE public.tuberias_id_seq OWNER TO postgres;

--
-- Name: tuberias_id_seq; Type: SEQUENCE OWNED BY; Schema: public; Owner: postgres
--

ALTER SEQUENCE public.tuberias_id_seq OWNED BY public.tuberias.id;


--
-- Name: ubicacion_geografica; Type: TABLE; Schema: public; Owner: postgres
--

CREATE TABLE public.ubicacion_geografica (
    id bigint NOT NULL,
    id_estado bigint NOT NULL,
    id_municipio bigint NOT NULL,
    id_parroquia bigint NOT NULL,
    id_sector bigint NOT NULL,
    coordenadas_utm_a numeric NOT NULL,
    coordenadas_utm_b numeric NOT NULL,
    deleted_at timestamp(0) without time zone,
    created_at timestamp(0) without time zone,
    updated_at timestamp(0) without time zone
);


ALTER TABLE public.ubicacion_geografica OWNER TO postgres;

--
-- Name: ubicacion_geografica_id_seq; Type: SEQUENCE; Schema: public; Owner: postgres
--

CREATE SEQUENCE public.ubicacion_geografica_id_seq
    START WITH 1
    INCREMENT BY 1
    NO MINVALUE
    NO MAXVALUE
    CACHE 1;


ALTER TABLE public.ubicacion_geografica_id_seq OWNER TO postgres;

--
-- Name: ubicacion_geografica_id_seq; Type: SEQUENCE OWNED BY; Schema: public; Owner: postgres
--

ALTER SEQUENCE public.ubicacion_geografica_id_seq OWNED BY public.ubicacion_geografica.id;


--
-- Name: users; Type: TABLE; Schema: public; Owner: postgres
--

CREATE TABLE public.users (
    id bigint NOT NULL,
    name character varying(255) NOT NULL,
    dni character varying(255) NOT NULL,
    email character varying(255) NOT NULL,
    email_verified_at timestamp(0) without time zone,
    password character varying(255) NOT NULL,
    remember_token character varying(100),
    deleted_at timestamp(0) without time zone,
    created_at timestamp(0) without time zone,
    updated_at timestamp(0) without time zone
);


ALTER TABLE public.users OWNER TO postgres;

--
-- Name: users_id_seq; Type: SEQUENCE; Schema: public; Owner: postgres
--

CREATE SEQUENCE public.users_id_seq
    START WITH 1
    INCREMENT BY 1
    NO MINVALUE
    NO MAXVALUE
    CACHE 1;


ALTER TABLE public.users_id_seq OWNER TO postgres;

--
-- Name: users_id_seq; Type: SEQUENCE OWNED BY; Schema: public; Owner: postgres
--

ALTER SEQUENCE public.users_id_seq OWNED BY public.users.id;


--
-- Name: valvulas; Type: TABLE; Schema: public; Owner: postgres
--

CREATE TABLE public.valvulas (
    id bigint NOT NULL,
    diametro numeric(8,2) NOT NULL,
    presion_nominal numeric(8,2) NOT NULL,
    id_tipo_valvula bigint NOT NULL,
    accionamiento bigint NOT NULL,
    fc numeric(8,2) NOT NULL,
    id_equipo bigint NOT NULL,
    deleted_at timestamp(0) without time zone,
    created_at timestamp(0) without time zone,
    updated_at timestamp(0) without time zone
);


ALTER TABLE public.valvulas OWNER TO postgres;

--
-- Name: valvulas_id_seq; Type: SEQUENCE; Schema: public; Owner: postgres
--

CREATE SEQUENCE public.valvulas_id_seq
    START WITH 1
    INCREMENT BY 1
    NO MINVALUE
    NO MAXVALUE
    CACHE 1;


ALTER TABLE public.valvulas_id_seq OWNER TO postgres;

--
-- Name: valvulas_id_seq; Type: SEQUENCE OWNED BY; Schema: public; Owner: postgres
--

ALTER SEQUENCE public.valvulas_id_seq OWNED BY public.valvulas.id;


--
-- Name: acciones_obras id; Type: DEFAULT; Schema: public; Owner: postgres
--

ALTER TABLE ONLY public.acciones_obras ALTER COLUMN id SET DEFAULT nextval('public.acciones_obras_id_seq'::regclass);


--
-- Name: acciones_planes id; Type: DEFAULT; Schema: public; Owner: postgres
--

ALTER TABLE ONLY public.acciones_planes ALTER COLUMN id SET DEFAULT nextval('public.acciones_planes_id_seq'::regclass);


--
-- Name: acueductos id; Type: DEFAULT; Schema: public; Owner: postgres
--

ALTER TABLE ONLY public.acueductos ALTER COLUMN id SET DEFAULT nextval('public.acueductos_id_seq'::regclass);


--
-- Name: asignacion_grupos id; Type: DEFAULT; Schema: public; Owner: postgres
--

ALTER TABLE ONLY public.asignacion_grupos ALTER COLUMN id SET DEFAULT nextval('public.asignacion_grupos_id_seq'::regclass);


--
-- Name: audits id; Type: DEFAULT; Schema: public; Owner: postgres
--

ALTER TABLE ONLY public.audits ALTER COLUMN id SET DEFAULT nextval('public.audits_id_seq'::regclass);


--
-- Name: bombas id; Type: DEFAULT; Schema: public; Owner: postgres
--

ALTER TABLE ONLY public.bombas ALTER COLUMN id SET DEFAULT nextval('public.bombas_id_seq'::regclass);


--
-- Name: c_embalses id; Type: DEFAULT; Schema: public; Owner: postgres
--

ALTER TABLE ONLY public.c_embalses ALTER COLUMN id SET DEFAULT nextval('public.c_embalses_id_seq'::regclass);


--
-- Name: causa_posible id; Type: DEFAULT; Schema: public; Owner: postgres
--

ALTER TABLE ONLY public.causa_posible ALTER COLUMN id SET DEFAULT nextval('public.causa_posible_id_seq'::regclass);


--
-- Name: ciudades id; Type: DEFAULT; Schema: public; Owner: postgres
--

ALTER TABLE ONLY public.ciudades ALTER COLUMN id SET DEFAULT nextval('public.ciudades_id_seq'::regclass);


--
-- Name: datos_planes id; Type: DEFAULT; Schema: public; Owner: postgres
--

ALTER TABLE ONLY public.datos_planes ALTER COLUMN id SET DEFAULT nextval('public.datos_planes_id_seq'::regclass);


--
-- Name: datos_tuberia id; Type: DEFAULT; Schema: public; Owner: postgres
--

ALTER TABLE ONLY public.datos_tuberia ALTER COLUMN id SET DEFAULT nextval('public.datos_tuberia_id_seq'::regclass);


--
-- Name: detalles_tecnicos_estacion_bombeo id; Type: DEFAULT; Schema: public; Owner: postgres
--

ALTER TABLE ONLY public.detalles_tecnicos_estacion_bombeo ALTER COLUMN id SET DEFAULT nextval('public.detalles_tecnicos_estacion_bombeo_id_seq'::regclass);


--
-- Name: dique_toma id; Type: DEFAULT; Schema: public; Owner: postgres
--

ALTER TABLE ONLY public.dique_toma ALTER COLUMN id SET DEFAULT nextval('public.dique_tomas_id_seq'::regclass);


--
-- Name: diseno_bomba id; Type: DEFAULT; Schema: public; Owner: postgres
--

ALTER TABLE ONLY public.diseno_bomba ALTER COLUMN id SET DEFAULT nextval('public.diseno_bomba_id_seq'::regclass);


--
-- Name: elemento_falla id; Type: DEFAULT; Schema: public; Owner: postgres
--

ALTER TABLE ONLY public.elemento_falla ALTER COLUMN id SET DEFAULT nextval('public.elemento_falla_id_seq'::regclass);


--
-- Name: embalses id; Type: DEFAULT; Schema: public; Owner: postgres
--

ALTER TABLE ONLY public.embalses ALTER COLUMN id SET DEFAULT nextval('public.embalses_id_seq'::regclass);


--
-- Name: equipos id; Type: DEFAULT; Schema: public; Owner: postgres
--

ALTER TABLE ONLY public.equipos ALTER COLUMN id SET DEFAULT nextval('public.equipos_id_seq'::regclass);


--
-- Name: estacion_bombeo id; Type: DEFAULT; Schema: public; Owner: postgres
--

ALTER TABLE ONLY public.estacion_bombeo ALTER COLUMN id SET DEFAULT nextval('public.estacion_bombeo_id_seq'::regclass);


--
-- Name: estados id; Type: DEFAULT; Schema: public; Owner: postgres
--

ALTER TABLE ONLY public.estados ALTER COLUMN id SET DEFAULT nextval('public.estados_id_seq'::regclass);


--
-- Name: estatus id; Type: DEFAULT; Schema: public; Owner: postgres
--

ALTER TABLE ONLY public.estatus ALTER COLUMN id SET DEFAULT nextval('public.estatus_id_seq'::regclass);


--
-- Name: fabricante id; Type: DEFAULT; Schema: public; Owner: postgres
--

ALTER TABLE ONLY public.fabricante ALTER COLUMN id SET DEFAULT nextval('public.fabricante_id_seq'::regclass);


--
-- Name: failed_jobs id; Type: DEFAULT; Schema: public; Owner: postgres
--

ALTER TABLE ONLY public.failed_jobs ALTER COLUMN id SET DEFAULT nextval('public.failed_jobs_id_seq'::regclass);


--
-- Name: infraestructura id; Type: DEFAULT; Schema: public; Owner: postgres
--

ALTER TABLE ONLY public.infraestructura ALTER COLUMN id SET DEFAULT nextval('public.infraestructura_id_seq'::regclass);


--
-- Name: manifold id; Type: DEFAULT; Schema: public; Owner: postgres
--

ALTER TABLE ONLY public.manifold ALTER COLUMN id SET DEFAULT nextval('public.manifold_id_seq'::regclass);


--
-- Name: miembros_organizacion id; Type: DEFAULT; Schema: public; Owner: postgres
--

ALTER TABLE ONLY public.miembros_organizacion ALTER COLUMN id SET DEFAULT nextval('public.miembros_organizacion_id_seq'::regclass);


--
-- Name: migrations id; Type: DEFAULT; Schema: public; Owner: postgres
--

ALTER TABLE ONLY public.migrations ALTER COLUMN id SET DEFAULT nextval('public.migrations_id_seq'::regclass);


--
-- Name: motores id; Type: DEFAULT; Schema: public; Owner: postgres
--

ALTER TABLE ONLY public.motores ALTER COLUMN id SET DEFAULT nextval('public.motores_id_seq'::regclass);


--
-- Name: municipios id; Type: DEFAULT; Schema: public; Owner: postgres
--

ALTER TABLE ONLY public.municipios ALTER COLUMN id SET DEFAULT nextval('public.municipios_id_seq'::regclass);


--
-- Name: obras id; Type: DEFAULT; Schema: public; Owner: postgres
--

ALTER TABLE ONLY public.obras ALTER COLUMN id SET DEFAULT nextval('public.obras_id_seq'::regclass);


--
-- Name: operatividad id; Type: DEFAULT; Schema: public; Owner: postgres
--

ALTER TABLE ONLY public.operatividad ALTER COLUMN id SET DEFAULT nextval('public.operatividad_id_seq'::regclass);


--
-- Name: organizaciones_populares id; Type: DEFAULT; Schema: public; Owner: postgres
--

ALTER TABLE ONLY public.organizaciones_populares ALTER COLUMN id SET DEFAULT nextval('public.organizaciones_populares_id_seq'::regclass);


--
-- Name: parroquias id; Type: DEFAULT; Schema: public; Owner: postgres
--

ALTER TABLE ONLY public.parroquias ALTER COLUMN id SET DEFAULT nextval('public.parroquias_id_seq'::regclass);


--
-- Name: permissions id; Type: DEFAULT; Schema: public; Owner: postgres
--

ALTER TABLE ONLY public.permissions ALTER COLUMN id SET DEFAULT nextval('public.permissions_id_seq'::regclass);


--
-- Name: personal_access_tokens id; Type: DEFAULT; Schema: public; Owner: postgres
--

ALTER TABLE ONLY public.personal_access_tokens ALTER COLUMN id SET DEFAULT nextval('public.personal_access_tokens_id_seq'::regclass);


--
-- Name: planes id; Type: DEFAULT; Schema: public; Owner: postgres
--

ALTER TABLE ONLY public.planes ALTER COLUMN id SET DEFAULT nextval('public.planes_id_seq'::regclass);


--
-- Name: plantas id; Type: DEFAULT; Schema: public; Owner: postgres
--

ALTER TABLE ONLY public.plantas ALTER COLUMN id SET DEFAULT nextval('public.plantas_id_seq'::regclass);


--
-- Name: pozo_profundo id; Type: DEFAULT; Schema: public; Owner: postgres
--

ALTER TABLE ONLY public.pozo_profundo ALTER COLUMN id SET DEFAULT nextval('public.pozo_profundos_id_seq'::regclass);


--
-- Name: proceso_hidrico id; Type: DEFAULT; Schema: public; Owner: postgres
--

ALTER TABLE ONLY public.proceso_hidrico ALTER COLUMN id SET DEFAULT nextval('public.tipo_infraestructura_id_seq'::regclass);


--
-- Name: reportes_averias id; Type: DEFAULT; Schema: public; Owner: postgres
--

ALTER TABLE ONLY public.reportes_averias ALTER COLUMN id SET DEFAULT nextval('public.reportes_averias_id_seq'::regclass);


--
-- Name: roles id; Type: DEFAULT; Schema: public; Owner: postgres
--

ALTER TABLE ONLY public.roles ALTER COLUMN id SET DEFAULT nextval('public.roles_id_seq'::regclass);


--
-- Name: sectores id; Type: DEFAULT; Schema: public; Owner: postgres
--

ALTER TABLE ONLY public.sectores ALTER COLUMN id SET DEFAULT nextval('public.sectores_id_seq'::regclass);


--
-- Name: semanas id; Type: DEFAULT; Schema: public; Owner: postgres
--

ALTER TABLE ONLY public.semanas ALTER COLUMN id SET DEFAULT nextval('public.semanas_id_seq'::regclass);


--
-- Name: sino id; Type: DEFAULT; Schema: public; Owner: postgres
--

ALTER TABLE ONLY public.sino ALTER COLUMN id SET DEFAULT nextval('public.sino_id_seq'::regclass);


--
-- Name: sistemas id; Type: DEFAULT; Schema: public; Owner: postgres
--

ALTER TABLE ONLY public.sistemas ALTER COLUMN id SET DEFAULT nextval('public.sistemas_id_seq'::regclass);


--
-- Name: tableros id; Type: DEFAULT; Schema: public; Owner: postgres
--

ALTER TABLE ONLY public.tableros ALTER COLUMN id SET DEFAULT nextval('public.tableros_id_seq'::regclass);


--
-- Name: tiempo_ejecucion id; Type: DEFAULT; Schema: public; Owner: postgres
--

ALTER TABLE ONLY public.tiempo_ejecucion ALTER COLUMN id SET DEFAULT nextval('public.tiempo_ejecucion_id_seq'::regclass);


--
-- Name: tipo_accion_realizar_obras id; Type: DEFAULT; Schema: public; Owner: postgres
--

ALTER TABLE ONLY public.tipo_accion_realizar_obras ALTER COLUMN id SET DEFAULT nextval('public.tipo_accion_realizar_obras_id_seq'::regclass);


--
-- Name: tipo_accionamiento_valvula id; Type: DEFAULT; Schema: public; Owner: postgres
--

ALTER TABLE ONLY public.tipo_accionamiento_valvula ALTER COLUMN id SET DEFAULT nextval('public.tipo_accionamiento_valvula_id_seq'::regclass);


--
-- Name: tipo_arranque id; Type: DEFAULT; Schema: public; Owner: postgres
--

ALTER TABLE ONLY public.tipo_arranque ALTER COLUMN id SET DEFAULT nextval('public.tipo_arranque_id_seq'::regclass);


--
-- Name: tipo_caracteristicas_accion_obras id; Type: DEFAULT; Schema: public; Owner: postgres
--

ALTER TABLE ONLY public.tipo_caracteristicas_accion_obras ALTER COLUMN id SET DEFAULT nextval('public.tipo_caracteristicas_accion_obras_id_seq'::regclass);


--
-- Name: tipo_ejecucion id; Type: DEFAULT; Schema: public; Owner: postgres
--

ALTER TABLE ONLY public.tipo_ejecucion ALTER COLUMN id SET DEFAULT nextval('public.tipo_ejecucion_id_seq'::regclass);


--
-- Name: tipo_equipo id; Type: DEFAULT; Schema: public; Owner: postgres
--

ALTER TABLE ONLY public.tipo_equipo ALTER COLUMN id SET DEFAULT nextval('public.tipo_equipo_id_seq'::regclass);


--
-- Name: tipo_estacion_bombeo id; Type: DEFAULT; Schema: public; Owner: postgres
--

ALTER TABLE ONLY public.tipo_estacion_bombeo ALTER COLUMN id SET DEFAULT nextval('public.tipo_estacion_bombeo_id_seq'::regclass);


--
-- Name: tipo_estrategia id; Type: DEFAULT; Schema: public; Owner: postgres
--

ALTER TABLE ONLY public.tipo_estrategia ALTER COLUMN id SET DEFAULT nextval('public.tipo_estrategia_id_seq'::regclass);


--
-- Name: tipo_funciones id; Type: DEFAULT; Schema: public; Owner: postgres
--

ALTER TABLE ONLY public.tipo_funciones ALTER COLUMN id SET DEFAULT nextval('public.tipo_funciones_id_seq'::regclass);


--
-- Name: tipo_interruptor id; Type: DEFAULT; Schema: public; Owner: postgres
--

ALTER TABLE ONLY public.tipo_interruptor ALTER COLUMN id SET DEFAULT nextval('public.tipo_interruptor_id_seq'::regclass);


--
-- Name: tipo_manifold id; Type: DEFAULT; Schema: public; Owner: postgres
--

ALTER TABLE ONLY public.tipo_manifold ALTER COLUMN id SET DEFAULT nextval('public.tipo_manifold_id_seq'::regclass);


--
-- Name: tipo_material id; Type: DEFAULT; Schema: public; Owner: postgres
--

ALTER TABLE ONLY public.tipo_material ALTER COLUMN id SET DEFAULT nextval('public.tipo_material_id_seq'::regclass);


--
-- Name: tipo_motor id; Type: DEFAULT; Schema: public; Owner: postgres
--

ALTER TABLE ONLY public.tipo_motor ALTER COLUMN id SET DEFAULT nextval('public.tipo_motor_id_seq'::regclass);


--
-- Name: tipo_organizaciones_populares id; Type: DEFAULT; Schema: public; Owner: postgres
--

ALTER TABLE ONLY public.tipo_organizaciones_populares ALTER COLUMN id SET DEFAULT nextval('public.tipo_organizaciones_populares_id_seq'::regclass);


--
-- Name: tipo_plan id; Type: DEFAULT; Schema: public; Owner: postgres
--

ALTER TABLE ONLY public.tipo_plan ALTER COLUMN id SET DEFAULT nextval('public.tipo_plan_id_seq'::regclass);


--
-- Name: tipo_planta id; Type: DEFAULT; Schema: public; Owner: postgres
--

ALTER TABLE ONLY public.tipo_planta ALTER COLUMN id SET DEFAULT nextval('public.tipo_planta_id_seq'::regclass);


--
-- Name: tipo_proceso_hidrico id; Type: DEFAULT; Schema: public; Owner: postgres
--

ALTER TABLE ONLY public.tipo_proceso_hidrico ALTER COLUMN id SET DEFAULT nextval('public.tipo_proceso_hidrico_id_seq'::regclass);


--
-- Name: tipo_proyecto id; Type: DEFAULT; Schema: public; Owner: postgres
--

ALTER TABLE ONLY public.tipo_proyecto ALTER COLUMN id SET DEFAULT nextval('public.tipo_proyecto_id_seq'::regclass);


--
-- Name: tipo_red id; Type: DEFAULT; Schema: public; Owner: postgres
--

ALTER TABLE ONLY public.tipo_red ALTER COLUMN id SET DEFAULT nextval('public.tipo_red_id_seq'::regclass);


--
-- Name: tipo_reportes_averias id; Type: DEFAULT; Schema: public; Owner: postgres
--

ALTER TABLE ONLY public.tipo_reportes_averias ALTER COLUMN id SET DEFAULT nextval('public.tipo_reportes_averias_id_seq'::regclass);


--
-- Name: tipo_servicio_estacion_bombeo id; Type: DEFAULT; Schema: public; Owner: postgres
--

ALTER TABLE ONLY public.tipo_servicio_estacion_bombeo ALTER COLUMN id SET DEFAULT nextval('public.tipo_servicio_estacion_bombeo_id_seq'::regclass);


--
-- Name: tipo_tension_tablero id; Type: DEFAULT; Schema: public; Owner: postgres
--

ALTER TABLE ONLY public.tipo_tension_tablero ALTER COLUMN id SET DEFAULT nextval('public.tipo_tension_tablero_id_seq'::regclass);


--
-- Name: tipo_tuberia id; Type: DEFAULT; Schema: public; Owner: postgres
--

ALTER TABLE ONLY public.tipo_tuberia ALTER COLUMN id SET DEFAULT nextval('public.tipo_tuberia_id_seq'::regclass);


--
-- Name: tipo_valvulas id; Type: DEFAULT; Schema: public; Owner: postgres
--

ALTER TABLE ONLY public.tipo_valvulas ALTER COLUMN id SET DEFAULT nextval('public.tipo_valvulas_id_seq'::regclass);


--
-- Name: tipo_via id; Type: DEFAULT; Schema: public; Owner: postgres
--

ALTER TABLE ONLY public.tipo_via ALTER COLUMN id SET DEFAULT nextval('public.tipo_via_id_seq'::regclass);


--
-- Name: toma_rio id; Type: DEFAULT; Schema: public; Owner: postgres
--

ALTER TABLE ONLY public.toma_rio ALTER COLUMN id SET DEFAULT nextval('public.toma_rio_id_seq'::regclass);


--
-- Name: tuberias id; Type: DEFAULT; Schema: public; Owner: postgres
--

ALTER TABLE ONLY public.tuberias ALTER COLUMN id SET DEFAULT nextval('public.tuberias_id_seq'::regclass);


--
-- Name: ubicacion_geografica id; Type: DEFAULT; Schema: public; Owner: postgres
--

ALTER TABLE ONLY public.ubicacion_geografica ALTER COLUMN id SET DEFAULT nextval('public.ubicacion_geografica_id_seq'::regclass);


--
-- Name: users id; Type: DEFAULT; Schema: public; Owner: postgres
--

ALTER TABLE ONLY public.users ALTER COLUMN id SET DEFAULT nextval('public.users_id_seq'::regclass);


--
-- Name: valvulas id; Type: DEFAULT; Schema: public; Owner: postgres
--

ALTER TABLE ONLY public.valvulas ALTER COLUMN id SET DEFAULT nextval('public.valvulas_id_seq'::regclass);


--
-- Data for Name: acciones_obras; Type: TABLE DATA; Schema: public; Owner: postgres
--

COPY public.acciones_obras (id, desc_accion, impacto_poblacional, inversion, materiales, id_tiempo_ejecucion, id_tipo_ejecucion, deleted_at, created_at, updated_at) FROM stdin;
\.


--
-- Data for Name: acciones_planes; Type: TABLE DATA; Schema: public; Owner: postgres
--

COPY public.acciones_planes (id, accion, id_estrategia, deleted_at, created_at, updated_at) FROM stdin;
\.


--
-- Data for Name: acueductos; Type: TABLE DATA; Schema: public; Owner: postgres
--

COPY public.acueductos (id, nombre_acueducto, id_estado, capacidad_distribucion, capacidad_modificada, deleted_at, created_at, updated_at) FROM stdin;
1	Acueducto Altos Mirandinos	15	0.00	0.00	\N	2022-08-24 16:20:06	2022-08-24 16:20:06
2	Acueducto Metropolitano	10	0.00	0.00	\N	2022-08-24 16:20:06	2022-08-24 16:20:06
3	Acueducto Valles del Tuy	15	0.00	0.00	\N	2022-08-24 16:20:06	2022-08-24 16:20:06
4	Acueducto Guarenas Guatire	15	0.00	0.00	\N	2022-08-24 16:20:06	2022-08-24 16:20:06
5	Acueducto Barlovento	15	0.00	0.00	\N	2022-08-24 16:20:06	2022-08-24 16:20:06
7	Acueducto Vargas	22	0.00	0.00	\N	2022-08-24 16:20:06	2022-08-24 16:20:06
11	Acueducto Sucre	15	0.00	0.00	\N	2022-08-24 16:20:06	2022-08-24 16:20:06
12	Acueducto Aducción y Bombeo	15	0.00	0.00	\N	\N	\N
\.


--
-- Data for Name: asignacion_grupos; Type: TABLE DATA; Schema: public; Owner: postgres
--

COPY public.asignacion_grupos (id, id_equipo, id_infraestructura, grupo, operatividad, en_uso, created_at, updated_at) FROM stdin;
1	1	4	1	1	t	2022-10-21 13:34:59	2022-10-21 13:34:59
\.


--
-- Data for Name: audits; Type: TABLE DATA; Schema: public; Owner: postgres
--

COPY public.audits (id, user_type, user_id, event, auditable_type, auditable_id, old_values, new_values, url, ip_address, user_agent, tags, created_at, updated_at) FROM stdin;
1	App\\Models\\User	1	updated	App\\Models\\Embalse	1	{"nombre":"NOMBRE DEL EMBALSE"}	{"nombre":"NOMBRE DEL EMBALSESSS"}	http://localhost:8000/embalses/1	127.0.0.1	Mozilla/5.0 (X11; Linux x86_64; rv:103.0) Gecko/20100101 Firefox/103.0	\N	2022-08-30 11:15:56	2022-08-30 11:15:56
\.


--
-- Data for Name: bombas; Type: TABLE DATA; Schema: public; Owner: postgres
--

COPY public.bombas (id, nro_etapas, rotacion, caudal, presion, rpm, peso, diametro_succion, diametro_descarga, tipo_sello, id_equipo, deleted_at, created_at, updated_at) FROM stdin;
1	1233	123	123.00	123.00	123.00	123.00	123.00	123.00	si	1	\N	\N	2022-10-11 14:58:05
\.


--
-- Data for Name: c_embalses; Type: TABLE DATA; Schema: public; Owner: postgres
--

COPY public.c_embalses (id, cuenca_principal, cuenca_afluentes, cuenca_diametro, cuenca_encurrimiento, embalse_capacidad, embalse_util, embalse_superficie, embalse_vidautil, presa_tipo, presa_altura, presa_longitud, presa_talud, presa_volumen, aliviadero_tipo, aliviadero_longitud, aliviadero_talud, aliviadero_volumen, toma_tipo, toma_medida, toma_gasto, toma_descripcion, embalse_id, deleted_at, created_at, updated_at) FROM stdin;
\.


--
-- Data for Name: causa_posible; Type: TABLE DATA; Schema: public; Owner: postgres
--

COPY public.causa_posible (id, descripcion_causa) FROM stdin;
1	AVERIA INTERNA
2	ROBO DE MEDIDOR
3	ROLEADO
4	CORROIDO
5	DAÑADO
6	DESAJUSTADO
7	EMPLOMADO
8	FRACTURADO
9	FISURADO
10	OBSTRUIDO
11	PERFORADO
\.


--
-- Data for Name: ciudades; Type: TABLE DATA; Schema: public; Owner: postgres
--

COPY public.ciudades (id, estado_id, ciudad, capital, created_at, updated_at) FROM stdin;
1	1	Maroa	0	\N	\N
2	1	Puerto Ayacucho	1	\N	\N
3	1	San Fernando de Atabapo	0	\N	\N
4	2	Anaco	0	\N	\N
5	2	Aragua de Barcelona	0	\N	\N
6	2	Barcelona	1	\N	\N
7	2	Boca de Uchire	0	\N	\N
8	2	Cantaura	0	\N	\N
9	2	Clarines	0	\N	\N
10	2	El Chaparro	0	\N	\N
11	2	El Pao Anzoátegui	0	\N	\N
12	2	El Tigre	0	\N	\N
13	2	El Tigrito	0	\N	\N
14	2	Guanape	0	\N	\N
15	2	Guanta	0	\N	\N
16	2	Lechería	0	\N	\N
17	2	Onoto	0	\N	\N
18	2	Pariaguán	0	\N	\N
19	2	Píritu	0	\N	\N
20	2	Puerto La Cruz	0	\N	\N
21	2	Puerto Píritu	0	\N	\N
22	2	Sabana de Uchire	0	\N	\N
23	2	San Mateo Anzoátegui	0	\N	\N
24	2	San Pablo Anzoátegui	0	\N	\N
25	2	San Tomé	0	\N	\N
26	2	Santa Ana de Anzoátegui	0	\N	\N
27	2	Santa Fe Anzoátegui	0	\N	\N
28	2	Santa Rosa	0	\N	\N
29	2	Soledad	0	\N	\N
30	2	Urica	0	\N	\N
31	2	Valle de Guanape	0	\N	\N
43	3	Achaguas	0	\N	\N
44	3	Biruaca	0	\N	\N
45	3	Bruzual	0	\N	\N
46	3	El Amparo	0	\N	\N
47	3	El Nula	0	\N	\N
48	3	Elorza	0	\N	\N
49	3	Guasdualito	0	\N	\N
50	3	Mantecal	0	\N	\N
51	3	Puerto Páez	0	\N	\N
52	3	San Fernando de Apure	1	\N	\N
53	3	San Juan de Payara	0	\N	\N
54	4	Barbacoas	0	\N	\N
55	4	Cagua	0	\N	\N
56	4	Camatagua	0	\N	\N
58	4	Choroní	0	\N	\N
59	4	Colonia Tovar	0	\N	\N
60	4	El Consejo	0	\N	\N
61	4	La Victoria	0	\N	\N
62	4	Las Tejerías	0	\N	\N
63	4	Magdaleno	0	\N	\N
64	4	Maracay	1	\N	\N
65	4	Ocumare de La Costa	0	\N	\N
66	4	Palo Negro	0	\N	\N
67	4	San Casimiro	0	\N	\N
68	4	San Mateo	0	\N	\N
69	4	San Sebastián	0	\N	\N
70	4	Santa Cruz de Aragua	0	\N	\N
71	4	Tocorón	0	\N	\N
72	4	Turmero	0	\N	\N
73	4	Villa de Cura	0	\N	\N
74	4	Zuata	0	\N	\N
75	5	Barinas	1	\N	\N
76	5	Barinitas	0	\N	\N
77	5	Barrancas	0	\N	\N
78	5	Calderas	0	\N	\N
79	5	Capitanejo	0	\N	\N
80	5	Ciudad Bolivia	0	\N	\N
81	5	El Cantón	0	\N	\N
82	5	Las Veguitas	0	\N	\N
83	5	Libertad de Barinas	0	\N	\N
84	5	Sabaneta	0	\N	\N
85	5	Santa Bárbara de Barinas	0	\N	\N
86	5	Socopó	0	\N	\N
87	6	Caicara del Orinoco	0	\N	\N
88	6	Canaima	0	\N	\N
89	6	Ciudad Bolívar	1	\N	\N
90	6	Ciudad Piar	0	\N	\N
91	6	El Callao	0	\N	\N
92	6	El Dorado	0	\N	\N
93	6	El Manteco	0	\N	\N
94	6	El Palmar	0	\N	\N
95	6	El Pao	0	\N	\N
96	6	Guasipati	0	\N	\N
97	6	Guri	0	\N	\N
98	6	La Paragua	0	\N	\N
99	6	Matanzas	0	\N	\N
100	6	Puerto Ordaz	0	\N	\N
101	6	San Félix	0	\N	\N
102	6	Santa Elena de Uairén	0	\N	\N
103	6	Tumeremo	0	\N	\N
104	6	Unare	0	\N	\N
105	6	Upata	0	\N	\N
106	7	Bejuma	0	\N	\N
107	7	Belén	0	\N	\N
108	7	Campo de Carabobo	0	\N	\N
109	7	Canoabo	0	\N	\N
110	7	Central Tacarigua	0	\N	\N
111	7	Chirgua	0	\N	\N
112	7	Ciudad Alianza	0	\N	\N
113	7	El Palito	0	\N	\N
114	7	Guacara	0	\N	\N
115	7	Guigue	0	\N	\N
116	7	Las Trincheras	0	\N	\N
117	7	Los Guayos	0	\N	\N
118	7	Mariara	0	\N	\N
119	7	Miranda	0	\N	\N
120	7	Montalbán	0	\N	\N
121	7	Morón	0	\N	\N
122	7	Naguanagua	0	\N	\N
123	7	Puerto Cabello	0	\N	\N
124	7	San Joaquín	0	\N	\N
125	7	Tocuyito	0	\N	\N
126	7	Urama	0	\N	\N
127	7	Valencia	1	\N	\N
128	7	Vigirimita	0	\N	\N
129	8	Aguirre	0	\N	\N
130	8	Apartaderos Cojedes	0	\N	\N
131	8	Arismendi	0	\N	\N
132	8	Camuriquito	0	\N	\N
133	8	El Baúl	0	\N	\N
134	8	El Limón	0	\N	\N
135	8	El Pao Cojedes	0	\N	\N
136	8	El Socorro	0	\N	\N
137	8	La Aguadita	0	\N	\N
138	8	Las Vegas	0	\N	\N
139	8	Libertad de Cojedes	0	\N	\N
140	8	Mapuey	0	\N	\N
141	8	Piñedo	0	\N	\N
142	8	Samancito	0	\N	\N
143	8	San Carlos	1	\N	\N
144	8	Sucre	0	\N	\N
145	8	Tinaco	0	\N	\N
146	8	Tinaquillo	0	\N	\N
147	8	Vallecito	0	\N	\N
148	9	Tucupita	1	\N	\N
149	24	Caracas	1	\N	\N
150	24	El Junquito	0	\N	\N
151	10	Adícora	0	\N	\N
152	10	Boca de Aroa	0	\N	\N
153	10	Cabure	0	\N	\N
154	10	Capadare	0	\N	\N
155	10	Capatárida	0	\N	\N
156	10	Chichiriviche	0	\N	\N
157	10	Churuguara	0	\N	\N
158	10	Coro	1	\N	\N
159	10	Cumarebo	0	\N	\N
160	10	Dabajuro	0	\N	\N
161	10	Judibana	0	\N	\N
162	10	La Cruz de Taratara	0	\N	\N
163	10	La Vela de Coro	0	\N	\N
164	10	Los Taques	0	\N	\N
165	10	Maparari	0	\N	\N
166	10	Mene de Mauroa	0	\N	\N
167	10	Mirimire	0	\N	\N
168	10	Pedregal	0	\N	\N
169	10	Píritu Falcón	0	\N	\N
170	10	Pueblo Nuevo Falcón	0	\N	\N
171	10	Puerto Cumarebo	0	\N	\N
172	10	Punta Cardón	0	\N	\N
173	10	Punto Fijo	0	\N	\N
174	10	San Juan de Los Cayos	0	\N	\N
175	10	San Luis	0	\N	\N
176	10	Santa Ana Falcón	0	\N	\N
177	10	Santa Cruz De Bucaral	0	\N	\N
178	10	Tocopero	0	\N	\N
179	10	Tocuyo de La Costa	0	\N	\N
180	10	Tucacas	0	\N	\N
181	10	Yaracal	0	\N	\N
182	11	Altagracia de Orituco	0	\N	\N
183	11	Cabruta	0	\N	\N
184	11	Calabozo	0	\N	\N
185	11	Camaguán	0	\N	\N
196	11	Chaguaramas Guárico	0	\N	\N
197	11	El Socorro	0	\N	\N
198	11	El Sombrero	0	\N	\N
199	11	Las Mercedes de Los Llanos	0	\N	\N
200	11	Lezama	0	\N	\N
201	11	Onoto	0	\N	\N
202	11	Ortíz	0	\N	\N
203	11	San José de Guaribe	0	\N	\N
204	11	San Juan de Los Morros	1	\N	\N
205	11	San Rafael de Laya	0	\N	\N
206	11	Santa María de Ipire	0	\N	\N
207	11	Tucupido	0	\N	\N
208	11	Valle de La Pascua	0	\N	\N
209	11	Zaraza	0	\N	\N
210	12	Aguada Grande	0	\N	\N
211	12	Atarigua	0	\N	\N
212	12	Barquisimeto	1	\N	\N
213	12	Bobare	0	\N	\N
214	12	Cabudare	0	\N	\N
215	12	Carora	0	\N	\N
216	12	Cubiro	0	\N	\N
217	12	Cují	0	\N	\N
218	12	Duaca	0	\N	\N
219	12	El Manzano	0	\N	\N
220	12	El Tocuyo	0	\N	\N
221	12	Guaríco	0	\N	\N
222	12	Humocaro Alto	0	\N	\N
223	12	Humocaro Bajo	0	\N	\N
224	12	La Miel	0	\N	\N
225	12	Moroturo	0	\N	\N
226	12	Quíbor	0	\N	\N
227	12	Río Claro	0	\N	\N
228	12	Sanare	0	\N	\N
229	12	Santa Inés	0	\N	\N
230	12	Sarare	0	\N	\N
231	12	Siquisique	0	\N	\N
232	12	Tintorero	0	\N	\N
233	13	Apartaderos Mérida	0	\N	\N
234	13	Arapuey	0	\N	\N
235	13	Bailadores	0	\N	\N
236	13	Caja Seca	0	\N	\N
237	13	Canaguá	0	\N	\N
238	13	Chachopo	0	\N	\N
239	13	Chiguara	0	\N	\N
240	13	Ejido	0	\N	\N
241	13	El Vigía	0	\N	\N
242	13	La Azulita	0	\N	\N
243	13	La Playa	0	\N	\N
244	13	Lagunillas Mérida	0	\N	\N
245	13	Mérida	1	\N	\N
246	13	Mesa de Bolívar	0	\N	\N
247	13	Mucuchíes	0	\N	\N
248	13	Mucujepe	0	\N	\N
249	13	Mucuruba	0	\N	\N
250	13	Nueva Bolivia	0	\N	\N
251	13	Palmarito	0	\N	\N
252	13	Pueblo Llano	0	\N	\N
253	13	Santa Cruz de Mora	0	\N	\N
254	13	Santa Elena de Arenales	0	\N	\N
255	13	Santo Domingo	0	\N	\N
256	13	Tabáy	0	\N	\N
257	13	Timotes	0	\N	\N
258	13	Torondoy	0	\N	\N
259	13	Tovar	0	\N	\N
260	13	Tucani	0	\N	\N
261	13	Zea	0	\N	\N
262	14	Araguita	0	\N	\N
263	14	Carrizal	0	\N	\N
264	14	Caucagua	0	\N	\N
265	14	Chaguaramas Miranda	0	\N	\N
266	14	Charallave	0	\N	\N
267	14	Chirimena	0	\N	\N
268	14	Chuspa	0	\N	\N
269	14	Cúa	0	\N	\N
270	14	Cupira	0	\N	\N
271	14	Curiepe	0	\N	\N
272	14	El Guapo	0	\N	\N
273	14	El Jarillo	0	\N	\N
274	14	Filas de Mariche	0	\N	\N
275	14	Guarenas	0	\N	\N
276	14	Guatire	0	\N	\N
277	14	Higuerote	0	\N	\N
278	14	Los Anaucos	0	\N	\N
279	14	Los Teques	1	\N	\N
280	14	Ocumare del Tuy	0	\N	\N
281	14	Panaquire	0	\N	\N
282	14	Paracotos	0	\N	\N
283	14	Río Chico	0	\N	\N
284	14	San Antonio de Los Altos	0	\N	\N
285	14	San Diego de Los Altos	0	\N	\N
286	14	San Fernando del Guapo	0	\N	\N
287	14	San Francisco de Yare	0	\N	\N
288	14	San José de Los Altos	0	\N	\N
289	14	San José de Río Chico	0	\N	\N
290	14	San Pedro de Los Altos	0	\N	\N
291	14	Santa Lucía	0	\N	\N
292	14	Santa Teresa	0	\N	\N
293	14	Tacarigua de La Laguna	0	\N	\N
294	14	Tacarigua de Mamporal	0	\N	\N
295	14	Tácata	0	\N	\N
296	14	Turumo	0	\N	\N
297	15	Aguasay	0	\N	\N
298	15	Aragua de Maturín	0	\N	\N
299	15	Barrancas del Orinoco	0	\N	\N
300	15	Caicara de Maturín	0	\N	\N
301	15	Caripe	0	\N	\N
302	15	Caripito	0	\N	\N
303	15	Chaguaramal	0	\N	\N
305	15	Chaguaramas Monagas	0	\N	\N
307	15	El Furrial	0	\N	\N
308	15	El Tejero	0	\N	\N
309	15	Jusepín	0	\N	\N
310	15	La Toscana	0	\N	\N
311	15	Maturín	1	\N	\N
312	15	Miraflores	0	\N	\N
313	15	Punta de Mata	0	\N	\N
314	15	Quiriquire	0	\N	\N
315	15	San Antonio de Maturín	0	\N	\N
316	15	San Vicente Monagas	0	\N	\N
317	15	Santa Bárbara	0	\N	\N
318	15	Temblador	0	\N	\N
319	15	Teresen	0	\N	\N
320	15	Uracoa	0	\N	\N
321	16	Altagracia	0	\N	\N
322	16	Boca de Pozo	0	\N	\N
323	16	Boca de Río	0	\N	\N
324	16	El Espinal	0	\N	\N
325	16	El Valle del Espíritu Santo	0	\N	\N
326	16	El Yaque	0	\N	\N
327	16	Juangriego	0	\N	\N
328	16	La Asunción	1	\N	\N
329	16	La Guardia	0	\N	\N
330	16	Pampatar	0	\N	\N
331	16	Porlamar	0	\N	\N
332	16	Puerto Fermín	0	\N	\N
333	16	Punta de Piedras	0	\N	\N
334	16	San Francisco de Macanao	0	\N	\N
335	16	San Juan Bautista	0	\N	\N
336	16	San Pedro de Coche	0	\N	\N
337	16	Santa Ana de Nueva Esparta	0	\N	\N
338	16	Villa Rosa	0	\N	\N
339	17	Acarigua	0	\N	\N
340	17	Agua Blanca	0	\N	\N
341	17	Araure	0	\N	\N
342	17	Biscucuy	0	\N	\N
343	17	Boconoito	0	\N	\N
344	17	Campo Elías	0	\N	\N
345	17	Chabasquén	0	\N	\N
346	17	Guanare	1	\N	\N
347	17	Guanarito	0	\N	\N
348	17	La Aparición	0	\N	\N
349	17	La Misión	0	\N	\N
350	17	Mesa de Cavacas	0	\N	\N
351	17	Ospino	0	\N	\N
352	17	Papelón	0	\N	\N
353	17	Payara	0	\N	\N
354	17	Pimpinela	0	\N	\N
355	17	Píritu de Portuguesa	0	\N	\N
356	17	San Rafael de Onoto	0	\N	\N
357	17	Santa Rosalía	0	\N	\N
358	17	Turén	0	\N	\N
359	18	Altos de Sucre	0	\N	\N
360	18	Araya	0	\N	\N
361	18	Cariaco	0	\N	\N
362	18	Carúpano	0	\N	\N
363	18	Casanay	0	\N	\N
364	18	Cumaná	1	\N	\N
365	18	Cumanacoa	0	\N	\N
366	18	El Morro Puerto Santo	0	\N	\N
367	18	El Pilar	0	\N	\N
368	18	El Poblado	0	\N	\N
369	18	Guaca	0	\N	\N
370	18	Guiria	0	\N	\N
371	18	Irapa	0	\N	\N
372	18	Manicuare	0	\N	\N
373	18	Mariguitar	0	\N	\N
374	18	Río Caribe	0	\N	\N
375	18	San Antonio del Golfo	0	\N	\N
376	18	San José de Aerocuar	0	\N	\N
377	18	San Vicente de Sucre	0	\N	\N
378	18	Santa Fe de Sucre	0	\N	\N
379	18	Tunapuy	0	\N	\N
380	18	Yaguaraparo	0	\N	\N
381	18	Yoco	0	\N	\N
382	19	Abejales	0	\N	\N
383	19	Borota	0	\N	\N
384	19	Bramon	0	\N	\N
385	19	Capacho	0	\N	\N
386	19	Colón	0	\N	\N
387	19	Coloncito	0	\N	\N
388	19	Cordero	0	\N	\N
389	19	El Cobre	0	\N	\N
390	19	El Pinal	0	\N	\N
391	19	Independencia	0	\N	\N
392	19	La Fría	0	\N	\N
393	19	La Grita	0	\N	\N
394	19	La Pedrera	0	\N	\N
395	19	La Tendida	0	\N	\N
396	19	Las Delicias	0	\N	\N
397	19	Las Hernández	0	\N	\N
398	19	Lobatera	0	\N	\N
399	19	Michelena	0	\N	\N
400	19	Palmira	0	\N	\N
401	19	Pregonero	0	\N	\N
402	19	Queniquea	0	\N	\N
403	19	Rubio	0	\N	\N
404	19	San Antonio del Tachira	0	\N	\N
405	19	San Cristobal	1	\N	\N
406	19	San José de Bolívar	0	\N	\N
407	19	San Josecito	0	\N	\N
408	19	San Pedro del Río	0	\N	\N
409	19	Santa Ana Táchira	0	\N	\N
410	19	Seboruco	0	\N	\N
411	19	Táriba	0	\N	\N
412	19	Umuquena	0	\N	\N
413	19	Ureña	0	\N	\N
414	20	Batatal	0	\N	\N
415	20	Betijoque	0	\N	\N
416	20	Boconó	0	\N	\N
417	20	Carache	0	\N	\N
418	20	Chejende	0	\N	\N
419	20	Cuicas	0	\N	\N
420	20	El Dividive	0	\N	\N
421	20	El Jaguito	0	\N	\N
422	20	Escuque	0	\N	\N
423	20	Isnotú	0	\N	\N
424	20	Jajó	0	\N	\N
425	20	La Ceiba	0	\N	\N
426	20	La Concepción de Trujllo	0	\N	\N
427	20	La Mesa de Esnujaque	0	\N	\N
428	20	La Puerta	0	\N	\N
429	20	La Quebrada	0	\N	\N
430	20	Mendoza Fría	0	\N	\N
431	20	Meseta de Chimpire	0	\N	\N
432	20	Monay	0	\N	\N
433	20	Motatán	0	\N	\N
434	20	Pampán	0	\N	\N
435	20	Pampanito	0	\N	\N
436	20	Sabana de Mendoza	0	\N	\N
437	20	San Lázaro	0	\N	\N
438	20	Santa Ana de Trujillo	0	\N	\N
439	20	Tostós	0	\N	\N
440	20	Trujillo	1	\N	\N
441	20	Valera	0	\N	\N
442	21	Carayaca	0	\N	\N
443	21	Litoral	0	\N	\N
444	25	Archipiélago Los Roques	0	\N	\N
445	22	Aroa	0	\N	\N
446	22	Boraure	0	\N	\N
447	22	Campo Elías de Yaracuy	0	\N	\N
448	22	Chivacoa	0	\N	\N
449	22	Cocorote	0	\N	\N
450	22	Farriar	0	\N	\N
451	22	Guama	0	\N	\N
452	22	Marín	0	\N	\N
453	22	Nirgua	0	\N	\N
454	22	Sabana de Parra	0	\N	\N
455	22	Salom	0	\N	\N
456	22	San Felipe	1	\N	\N
457	22	San Pablo de Yaracuy	0	\N	\N
458	22	Urachiche	0	\N	\N
459	22	Yaritagua	0	\N	\N
460	22	Yumare	0	\N	\N
461	23	Bachaquero	0	\N	\N
462	23	Bobures	0	\N	\N
463	23	Cabimas	0	\N	\N
464	23	Campo Concepción	0	\N	\N
465	23	Campo Mara	0	\N	\N
466	23	Campo Rojo	0	\N	\N
467	23	Carrasquero	0	\N	\N
468	23	Casigua	0	\N	\N
469	23	Chiquinquirá	0	\N	\N
470	23	Ciudad Ojeda	0	\N	\N
471	23	El Batey	0	\N	\N
472	23	El Carmelo	0	\N	\N
473	23	El Chivo	0	\N	\N
474	23	El Guayabo	0	\N	\N
475	23	El Mene	0	\N	\N
476	23	El Venado	0	\N	\N
477	23	Encontrados	0	\N	\N
478	23	Gibraltar	0	\N	\N
479	23	Isla de Toas	0	\N	\N
480	23	La Concepción del Zulia	0	\N	\N
481	23	La Paz	0	\N	\N
482	23	La Sierrita	0	\N	\N
483	23	Lagunillas del Zulia	0	\N	\N
484	23	Las Piedras de Perijá	0	\N	\N
485	23	Los Cortijos	0	\N	\N
486	23	Machiques	0	\N	\N
487	23	Maracaibo	1	\N	\N
488	23	Mene Grande	0	\N	\N
489	23	Palmarejo	0	\N	\N
490	23	Paraguaipoa	0	\N	\N
491	23	Potrerito	0	\N	\N
492	23	Pueblo Nuevo del Zulia	0	\N	\N
493	23	Puertos de Altagracia	0	\N	\N
494	23	Punta Gorda	0	\N	\N
495	23	Sabaneta de Palma	0	\N	\N
496	23	San Francisco	0	\N	\N
497	23	San José de Perijá	0	\N	\N
498	23	San Rafael del Moján	0	\N	\N
499	23	San Timoteo	0	\N	\N
500	23	Santa Bárbara Del Zulia	0	\N	\N
501	23	Santa Cruz de Mara	0	\N	\N
502	23	Santa Cruz del Zulia	0	\N	\N
503	23	Santa Rita	0	\N	\N
504	23	Sinamaica	0	\N	\N
505	23	Tamare	0	\N	\N
506	23	Tía Juana	0	\N	\N
507	23	Villa del Rosario	0	\N	\N
508	21	La Guaira	1	\N	\N
509	21	Catia La Mar	0	\N	\N
510	21	Macuto	0	\N	\N
511	21	Naiguatá	0	\N	\N
512	25	Archipiélago Los Monjes	0	\N	\N
513	25	Isla La Tortuga y Cayos adyacentes	0	\N	\N
514	25	Isla La Sola	0	\N	\N
515	25	Islas Los Testigos	0	\N	\N
516	25	Islas Los Frailes	0	\N	\N
517	25	Isla La Orchila	0	\N	\N
518	25	Archipiélago Las Aves	0	\N	\N
519	25	Isla de Aves	0	\N	\N
520	25	Isla La Blanquilla	0	\N	\N
521	25	Isla de Patos	0	\N	\N
522	25	Islas Los Hermanos	0	\N	\N
\.


--
-- Data for Name: datos_planes; Type: TABLE DATA; Schema: public; Owner: postgres
--

COPY public.datos_planes (id, id_linea_estrategia, id_accion, actividad, actividad_precedente, fecha_origen, fecha_entrega, responsable, co_responsable, resultados_esperados, deleted_at, created_at, updated_at) FROM stdin;
\.


--
-- Data for Name: datos_tuberia; Type: TABLE DATA; Schema: public; Owner: postgres
--

COPY public.datos_tuberia (id, descripcion_tuberia) FROM stdin;
1	ACERO
2	ASBESTO CEMENTO
3	HIERRO GALVANIZADO
4	HIERRO FUNDIDO
5	P.E.A.D
6	P.V.C
\.


--
-- Data for Name: detalles_tecnicos_estacion_bombeo; Type: TABLE DATA; Schema: public; Owner: postgres
--

COPY public.detalles_tecnicos_estacion_bombeo (id, succion_min, succion_max, descarga_min, descarga_max, amp_min, amp_max, voltaje_min, voltaje_max, id_estacion_bombeo, deleted_at, created_at, updated_at) FROM stdin;
\.


--
-- Data for Name: dique_toma; Type: TABLE DATA; Schema: public; Owner: postgres
--

COPY public.dique_toma (id, reg, nombre, toma_rio, caudal_diseno, caudal_recibe, status, id_infraestructura, deleted_at, created_at, updated_at) FROM stdin;
\.


--
-- Data for Name: diseno_bomba; Type: TABLE DATA; Schema: public; Owner: postgres
--

COPY public.diseno_bomba (id, id_equipo, marca, "Modelo", tipo, altura, nro_etapas, rotacion, caudal, presion, rpm, peso, diametro_succion, diametro_descarga, tipo_sello, rodamiento_a, rodamiento_b, created_at, updated_at) FROM stdin;
\.


--
-- Data for Name: elemento_falla; Type: TABLE DATA; Schema: public; Owner: postgres
--

COPY public.elemento_falla (id, descripcion_elemento_falla) FROM stdin;
1	CORPORATION
2	HIDRANTE
3	JUNTA
4	MEDIDOR
5	NIPLE
6	TUBERIA
7	VALVULA
\.


--
-- Data for Name: embalses; Type: TABLE DATA; Schema: public; Owner: postgres
--

COPY public.embalses (id, reg, nombre, cronologia, id_infraestructura, deleted_at, created_at, updated_at) FROM stdin;
\.


--
-- Data for Name: equipos; Type: TABLE DATA; Schema: public; Owner: postgres
--

COPY public.equipos (id, tipo_equipo, nombre_equipo, marca, modelo, created_at, updated_at, deleted_at) FROM stdin;
2	2	askodjqwiej	lasjdoqwjie	amklsjaskoeq	2022-10-11 11:02:45	2022-10-11 11:02:45	\N
3	3	asdioqwue	asmkdnqwj	askmdnasj	2022-10-11 11:03:07	2022-10-11 11:03:07	\N
5	5	vjihxcvu	ashyuetqwu	cvbksduf	2022-10-11 11:06:00	2022-10-11 11:06:00	\N
6	6	xczyqwe	zxnjgqyu	qwpeika	2022-10-11 11:06:16	2022-10-11 11:06:16	\N
1	1	asjdhasdj	aksdhkasjehqwi	asdhjiasdhi	2022-10-10 16:41:26	2022-10-11 14:58:05	\N
4	4	faskhdjihhhh	asjdhuiqwhe	mkasbndasb	2022-10-11 11:05:40	2022-10-11 14:58:23	\N
\.


--
-- Data for Name: estacion_bombeo; Type: TABLE DATA; Schema: public; Owner: postgres
--

COPY public.estacion_bombeo (id, nombre, cantidad_grupos, id_tipo_estacion_bombeo, id_tipo_servicio, id_infraestructura, deleted_at, created_at, updated_at) FROM stdin;
\.


--
-- Data for Name: estados; Type: TABLE DATA; Schema: public; Owner: postgres
--

COPY public.estados (id, estado, "iso_3166-2", created_at, updated_at) FROM stdin;
1	Amazonas	VE-X	2022-08-24 16:19:48	2022-08-24 16:19:48
2	Anzoátegui	VE-B	2022-08-24 16:19:48	2022-08-24 16:19:48
3	Apure	VE-C	2022-08-24 16:19:48	2022-08-24 16:19:48
4	Aragua	VE-D	2022-08-24 16:19:48	2022-08-24 16:19:48
5	Barinas	VE-E	2022-08-24 16:19:48	2022-08-24 16:19:48
6	Bolívar	VE-F	2022-08-24 16:19:48	2022-08-24 16:19:48
7	Carabobo	VE-G	2022-08-24 16:19:48	2022-08-24 16:19:48
8	Cojedes	VE-H	2022-08-24 16:19:48	2022-08-24 16:19:48
9	Delta Amacuro	VE-Y	2022-08-24 16:19:48	2022-08-24 16:19:48
10	Falcón	VE-I	2022-08-24 16:19:48	2022-08-24 16:19:48
11	Guárico	VE-J	2022-08-24 16:19:48	2022-08-24 16:19:48
12	Lara	VE-K	2022-08-24 16:19:48	2022-08-24 16:19:48
13	Mérida	VE-L	2022-08-24 16:19:48	2022-08-24 16:19:48
14	Miranda	VE-M	2022-08-24 16:19:48	2022-08-24 16:19:48
15	Monagas	VE-N	2022-08-24 16:19:48	2022-08-24 16:19:48
16	Nueva Esparta	VE-O	2022-08-24 16:19:48	2022-08-24 16:19:48
17	Portuguesa	VE-P	2022-08-24 16:19:48	2022-08-24 16:19:48
18	Sucre	VE-R	2022-08-24 16:19:48	2022-08-24 16:19:48
19	Táchira	VE-S	2022-08-24 16:19:48	2022-08-24 16:19:48
20	Trujillo	VE-T	2022-08-24 16:19:48	2022-08-24 16:19:48
21	Vargas	VE-W	2022-08-24 16:19:48	2022-08-24 16:19:48
22	Yaracuy	VE-U	2022-08-24 16:19:48	2022-08-24 16:19:48
23	Zulia	VE-V	2022-08-24 16:19:48	2022-08-24 16:19:48
24	Distrito Capital	VE-A	2022-08-24 16:19:48	2022-08-24 16:19:48
25	Dependencias Federales	VE-Z	2022-08-24 16:19:48	2022-08-24 16:19:48
\.


--
-- Data for Name: estatus; Type: TABLE DATA; Schema: public; Owner: postgres
--

COPY public.estatus (id, descrip_estatu) FROM stdin;
1	Activo
2	Revision
3	Pendiente
4	Solucionado
5	Cerrado
\.


--
-- Data for Name: fabricante; Type: TABLE DATA; Schema: public; Owner: postgres
--

COPY public.fabricante (id, nombre_fabricante, modelo, serial, origen, ficha, deleted_at, created_at, updated_at) FROM stdin;
1	QUIZASs	TALVEZ	ALOMEJOR	ESPOSIBLE	\N	\N	\N	2022-09-30 15:56:08
2	TENEMOS	UN	BUEN	FABRICANTE	\N	\N	\N	\N
3	TENEMOS	UN	BUENA	FABRICANTE	\N	\N	\N	\N
4	TENEMOS	UN	BUENAa	FABRICANTE	\N	\N	\N	\N
5	TENEMOS	UN	BUENAaa	FABRICANTE	\N	\N	\N	\N
6	TENEMOS	UN	ALELUYA	FABRICANTE	\N	\N	\N	\N
7	TENEMOS	UN	porfin	FABRICANTE	\N	\N	\N	\N
8	rrrrr	rrrr	12345	tttt	\N	\N	\N	\N
9	ALGUNO NUEVO	DE LA NUEVA	ESTACION BOMBEO	JPGG	\N	\N	\N	2022-10-03 09:54:42
\.


--
-- Data for Name: failed_jobs; Type: TABLE DATA; Schema: public; Owner: postgres
--

COPY public.failed_jobs (id, uuid, connection, queue, payload, exception, failed_at) FROM stdin;
\.


--
-- Data for Name: infraestructura; Type: TABLE DATA; Schema: public; Owner: postgres
--

COPY public.infraestructura (id, nombre_infraestructura, id_coordenadas, id_proceso, id_sistema, id_acueducto, deleted_at, created_at, updated_at, id_fabricante) FROM stdin;
2	qweqwe	23	1	2	1	\N	\N	\N	15
3	qwieu	25	3	6	2	\N	\N	\N	17
4	ESTACION DE BOMBEO TAGUAZA	26	1	9	1	\N	\N	2022-09-23 09:55:17	18
6	DIQUE TOMA INFRAESTRUCTURA	29	1	2	3	\N	\N	2022-09-29 16:18:27	55
7	MI ESTACION DE BOMBEO	30	3	6	4	\N	\N	\N	56
8	qweqwee	31	1	2	1	\N	\N	\N	57
9	prueba 2	32	1	1	7	\N	\N	\N	8
10	NUEVA ESTACIONN	33	1	2	1	\N	\N	2022-10-03 09:54:42	9
\.


--
-- Data for Name: manifold; Type: TABLE DATA; Schema: public; Owner: postgres
--

COPY public.manifold (id, id_tipo_manifold, cant_bridas, cant_monometro, cant_valvulas, cant_tuberias, id_equipo, deleted_at, created_at, updated_at) FROM stdin;
1	1	123	123	123	123	2	\N	\N	\N
\.


--
-- Data for Name: miembros_organizacion; Type: TABLE DATA; Schema: public; Owner: postgres
--

COPY public.miembros_organizacion (id, nombre, apellido, cedula, telefono, rif, id_organizacion_popular, id_tipo_funcion, fecha_ingreso, deleted_at, created_at, updated_at) FROM stdin;
\.


--
-- Data for Name: migrations; Type: TABLE DATA; Schema: public; Owner: postgres
--

COPY public.migrations (id, migration, batch) FROM stdin;
53	2022_10_04_094955_create_table_grupos	13
54	2022_10_03_111706_create_table_diseno_bomba	14
55	2022_10_04_103533_create_table_equipos	15
56	2022_10_04_180605_create_table_tipo_equipo	16
\.


--
-- Data for Name: model_has_permissions; Type: TABLE DATA; Schema: public; Owner: postgres
--

COPY public.model_has_permissions (permission_id, model_type, model_id) FROM stdin;
\.


--
-- Data for Name: model_has_roles; Type: TABLE DATA; Schema: public; Owner: postgres
--

COPY public.model_has_roles (role_id, model_type, model_id) FROM stdin;
1	App\\Models\\User	1
1	App\\Models\\User	2
1	App\\Models\\User	3
\.


--
-- Data for Name: motores; Type: TABLE DATA; Schema: public; Owner: postgres
--

COPY public.motores (id, potencia, amperaje, tension, rpm, capacidad_amperio, contactor, rele_termico, temperatura, id_tipo_motor, id_tipo_interruptor, id_tipo_arranque, id_equipo, supervisor_fase, deleted_at, created_at, updated_at) FROM stdin;
1	123.00	123.00	123.00	123.00	123.00	123.00	123.00	123.00	1	1	1	3	si	\N	\N	\N
\.


--
-- Data for Name: municipios; Type: TABLE DATA; Schema: public; Owner: postgres
--

COPY public.municipios (id, estado_id, municipio, created_at, updated_at) FROM stdin;
1	1	Alto Orinoco	\N	\N
2	1	Atabapo	\N	\N
3	1	Atures	\N	\N
4	1	Autana	\N	\N
5	1	Manapiare	\N	\N
6	1	Maroa	\N	\N
7	1	Río Negro	\N	\N
8	2	Anaco	\N	\N
9	2	Aragua	\N	\N
10	2	Manuel Ezequiel Bruzual	\N	\N
11	2	Diego Bautista Urbaneja	\N	\N
12	2	Fernando Peñalver	\N	\N
13	2	Francisco Del Carmen Carvajal	\N	\N
14	2	General Sir Arthur McGregor	\N	\N
15	2	Guanta	\N	\N
16	2	Independencia	\N	\N
17	2	José Gregorio Monagas	\N	\N
18	2	Juan Antonio Sotillo	\N	\N
19	2	Juan Manuel Cajigal	\N	\N
20	2	Libertad	\N	\N
21	2	Francisco de Miranda	\N	\N
22	2	Pedro María Freites	\N	\N
23	2	Píritu	\N	\N
24	2	San José de Guanipa	\N	\N
25	2	San Juan de Capistrano	\N	\N
26	2	Santa Ana	\N	\N
27	2	Simón Bolívar	\N	\N
28	2	Simón Rodríguez	\N	\N
29	3	Achaguas	\N	\N
30	3	Biruaca	\N	\N
31	3	Muñóz	\N	\N
32	3	Páez	\N	\N
33	3	Pedro Camejo	\N	\N
34	3	Rómulo Gallegos	\N	\N
35	3	San Fernando	\N	\N
36	4	Atanasio Girardot	\N	\N
37	4	Bolívar	\N	\N
38	4	Camatagua	\N	\N
39	4	Francisco Linares Alcántara	\N	\N
40	4	José Ángel Lamas	\N	\N
41	4	José Félix Ribas	\N	\N
42	4	José Rafael Revenga	\N	\N
43	4	Libertador	\N	\N
44	4	Mario Briceño Iragorry	\N	\N
45	4	Ocumare de la Costa de Oro	\N	\N
46	4	San Casimiro	\N	\N
47	4	San Sebastián	\N	\N
48	4	Santiago Mariño	\N	\N
49	4	Santos Michelena	\N	\N
50	4	Sucre	\N	\N
51	4	Tovar	\N	\N
52	4	Urdaneta	\N	\N
53	4	Zamora	\N	\N
54	5	Alberto Arvelo Torrealba	\N	\N
55	5	Andrés Eloy Blanco	\N	\N
56	5	Antonio José de Sucre	\N	\N
57	5	Arismendi	\N	\N
58	5	Barinas	\N	\N
59	5	Bolívar	\N	\N
60	5	Cruz Paredes	\N	\N
61	5	Ezequiel Zamora	\N	\N
62	5	Obispos	\N	\N
63	5	Pedraza	\N	\N
64	5	Rojas	\N	\N
65	5	Sosa	\N	\N
66	6	Caroní	\N	\N
67	6	Cedeño	\N	\N
68	6	El Callao	\N	\N
69	6	Gran Sabana	\N	\N
70	6	Heres	\N	\N
71	6	Piar	\N	\N
72	6	Angostura (Raúl Leoni)	\N	\N
73	6	Roscio	\N	\N
74	6	Sifontes	\N	\N
75	6	Sucre	\N	\N
76	6	Padre Pedro Chien	\N	\N
77	7	Bejuma	\N	\N
78	7	Carlos Arvelo	\N	\N
79	7	Diego Ibarra	\N	\N
80	7	Guacara	\N	\N
81	7	Juan José Mora	\N	\N
82	7	Libertador	\N	\N
83	7	Los Guayos	\N	\N
84	7	Miranda	\N	\N
85	7	Montalbán	\N	\N
86	7	Naguanagua	\N	\N
87	7	Puerto Cabello	\N	\N
88	7	San Diego	\N	\N
89	7	San Joaquín	\N	\N
90	7	Valencia	\N	\N
91	8	Anzoátegui	\N	\N
92	8	Tinaquillo	\N	\N
93	8	Girardot	\N	\N
94	8	Lima Blanco	\N	\N
95	8	Pao de San Juan Bautista	\N	\N
96	8	Ricaurte	\N	\N
97	8	Rómulo Gallegos	\N	\N
98	8	San Carlos	\N	\N
99	8	Tinaco	\N	\N
100	9	Antonio Díaz	\N	\N
101	9	Casacoima	\N	\N
102	9	Pedernales	\N	\N
103	9	Tucupita	\N	\N
104	10	Acosta	\N	\N
105	10	Bolívar	\N	\N
106	10	Buchivacoa	\N	\N
107	10	Cacique Manaure	\N	\N
108	10	Carirubana	\N	\N
109	10	Colina	\N	\N
110	10	Dabajuro	\N	\N
111	10	Democracia	\N	\N
112	10	Falcón	\N	\N
113	10	Federación	\N	\N
114	10	Jacura	\N	\N
115	10	José Laurencio Silva	\N	\N
116	10	Los Taques	\N	\N
117	10	Mauroa	\N	\N
118	10	Miranda	\N	\N
119	10	Monseñor Iturriza	\N	\N
120	10	Palmasola	\N	\N
121	10	Petit	\N	\N
122	10	Píritu	\N	\N
123	10	San Francisco	\N	\N
124	10	Sucre	\N	\N
125	10	Tocópero	\N	\N
126	10	Unión	\N	\N
127	10	Urumaco	\N	\N
128	10	Zamora	\N	\N
129	11	Camaguán	\N	\N
130	11	Chaguaramas	\N	\N
131	11	El Socorro	\N	\N
132	11	José Félix Ribas	\N	\N
133	11	José Tadeo Monagas	\N	\N
134	11	Juan Germán Roscio	\N	\N
135	11	Julián Mellado	\N	\N
136	11	Las Mercedes	\N	\N
137	11	Leonardo Infante	\N	\N
138	11	Pedro Zaraza	\N	\N
139	11	Ortíz	\N	\N
140	11	San Gerónimo de Guayabal	\N	\N
141	11	San José de Guaribe	\N	\N
142	11	Santa María de Ipire	\N	\N
143	11	Sebastián Francisco de Miranda	\N	\N
144	12	Andrés Eloy Blanco	\N	\N
145	12	Crespo	\N	\N
146	12	Iribarren	\N	\N
147	12	Jiménez	\N	\N
148	12	Morán	\N	\N
149	12	Palavecino	\N	\N
150	12	Simón Planas	\N	\N
151	12	Torres	\N	\N
152	12	Urdaneta	\N	\N
179	13	Alberto Adriani	\N	\N
180	13	Andrés Bello	\N	\N
181	13	Antonio Pinto Salinas	\N	\N
182	13	Aricagua	\N	\N
183	13	Arzobispo Chacón	\N	\N
184	13	Campo Elías	\N	\N
185	13	Caracciolo Parra Olmedo	\N	\N
186	13	Cardenal Quintero	\N	\N
187	13	Guaraque	\N	\N
188	13	Julio César Salas	\N	\N
189	13	Justo Briceño	\N	\N
190	13	Libertador	\N	\N
191	13	Miranda	\N	\N
192	13	Obispo Ramos de Lora	\N	\N
193	13	Padre Noguera	\N	\N
194	13	Pueblo Llano	\N	\N
195	13	Rangel	\N	\N
196	13	Rivas Dávila	\N	\N
197	13	Santos Marquina	\N	\N
198	13	Sucre	\N	\N
199	13	Tovar	\N	\N
200	13	Tulio Febres Cordero	\N	\N
201	13	Zea	\N	\N
223	14	Acevedo	\N	\N
224	14	Andrés Bello	\N	\N
225	14	Baruta	\N	\N
226	14	Brión	\N	\N
227	14	Buroz	\N	\N
228	14	Carrizal	\N	\N
229	14	Chacao	\N	\N
230	14	Cristóbal Rojas	\N	\N
231	14	El Hatillo	\N	\N
232	14	Guaicaipuro	\N	\N
233	14	Independencia	\N	\N
234	14	Lander	\N	\N
235	14	Los Salias	\N	\N
236	14	Páez	\N	\N
237	14	Paz Castillo	\N	\N
238	14	Pedro Gual	\N	\N
239	14	Plaza	\N	\N
240	14	Simón Bolívar	\N	\N
241	14	Sucre	\N	\N
242	14	Urdaneta	\N	\N
243	14	Zamora	\N	\N
258	15	Acosta	\N	\N
259	15	Aguasay	\N	\N
260	15	Bolívar	\N	\N
261	15	Caripe	\N	\N
262	15	Cedeño	\N	\N
263	15	Ezequiel Zamora	\N	\N
264	15	Libertador	\N	\N
265	15	Maturín	\N	\N
266	15	Piar	\N	\N
267	15	Punceres	\N	\N
268	15	Santa Bárbara	\N	\N
269	15	Sotillo	\N	\N
270	15	Uracoa	\N	\N
271	16	Antolín del Campo	\N	\N
272	16	Arismendi	\N	\N
273	16	García	\N	\N
274	16	Gómez	\N	\N
275	16	Maneiro	\N	\N
276	16	Marcano	\N	\N
277	16	Mariño	\N	\N
278	16	Península de Macanao	\N	\N
279	16	Tubores	\N	\N
280	16	Villalba	\N	\N
281	16	Díaz	\N	\N
282	17	Agua Blanca	\N	\N
283	17	Araure	\N	\N
284	17	Esteller	\N	\N
285	17	Guanare	\N	\N
286	17	Guanarito	\N	\N
287	17	Monseñor José Vicente de Unda	\N	\N
288	17	Ospino	\N	\N
289	17	Páez	\N	\N
290	17	Papelón	\N	\N
291	17	San Genaro de Boconoíto	\N	\N
292	17	San Rafael de Onoto	\N	\N
293	17	Santa Rosalía	\N	\N
294	17	Sucre	\N	\N
295	17	Turén	\N	\N
296	18	Andrés Eloy Blanco	\N	\N
297	18	Andrés Mata	\N	\N
298	18	Arismendi	\N	\N
299	18	Benítez	\N	\N
300	18	Bermúdez	\N	\N
301	18	Bolívar	\N	\N
302	18	Cajigal	\N	\N
303	18	Cruz Salmerón Acosta	\N	\N
304	18	Libertador	\N	\N
305	18	Mariño	\N	\N
306	18	Mejía	\N	\N
307	18	Montes	\N	\N
308	18	Ribero	\N	\N
309	18	Sucre	\N	\N
310	18	Valdéz	\N	\N
341	19	Andrés Bello	\N	\N
342	19	Antonio Rómulo Costa	\N	\N
343	19	Ayacucho	\N	\N
344	19	Bolívar	\N	\N
345	19	Cárdenas	\N	\N
346	19	Córdoba	\N	\N
347	19	Fernández Feo	\N	\N
348	19	Francisco de Miranda	\N	\N
349	19	García de Hevia	\N	\N
350	19	Guásimos	\N	\N
351	19	Independencia	\N	\N
352	19	Jáuregui	\N	\N
353	19	José María Vargas	\N	\N
354	19	Junín	\N	\N
355	19	Libertad	\N	\N
356	19	Libertador	\N	\N
357	19	Lobatera	\N	\N
358	19	Michelena	\N	\N
359	19	Panamericano	\N	\N
360	19	Pedro María Ureña	\N	\N
361	19	Rafael Urdaneta	\N	\N
362	19	Samuel Darío Maldonado	\N	\N
363	19	San Cristóbal	\N	\N
364	19	Seboruco	\N	\N
365	19	Simón Rodríguez	\N	\N
366	19	Sucre	\N	\N
367	19	Torbes	\N	\N
368	19	Uribante	\N	\N
369	19	San Judas Tadeo	\N	\N
370	20	Andrés Bello	\N	\N
371	20	Boconó	\N	\N
372	20	Bolívar	\N	\N
373	20	Candelaria	\N	\N
374	20	Carache	\N	\N
375	20	Escuque	\N	\N
376	20	José Felipe Márquez Cañizalez	\N	\N
377	20	Juan Vicente Campos Elías	\N	\N
378	20	La Ceiba	\N	\N
379	20	Miranda	\N	\N
380	20	Monte Carmelo	\N	\N
381	20	Motatán	\N	\N
382	20	Pampán	\N	\N
383	20	Pampanito	\N	\N
384	20	Rafael Rangel	\N	\N
385	20	San Rafael de Carvajal	\N	\N
386	20	Sucre	\N	\N
387	20	Trujillo	\N	\N
388	20	Urdaneta	\N	\N
389	20	Valera	\N	\N
390	21	Vargas	\N	\N
391	22	Arístides Bastidas	\N	\N
392	22	Bolívar	\N	\N
407	22	Bruzual	\N	\N
408	22	Cocorote	\N	\N
409	22	Independencia	\N	\N
410	22	José Antonio Páez	\N	\N
411	22	La Trinidad	\N	\N
412	22	Manuel Monge	\N	\N
413	22	Nirgua	\N	\N
414	22	Peña	\N	\N
415	22	San Felipe	\N	\N
416	22	Sucre	\N	\N
417	22	Urachiche	\N	\N
418	22	José Joaquín Veroes	\N	\N
441	23	Almirante Padilla	\N	\N
442	23	Baralt	\N	\N
443	23	Cabimas	\N	\N
444	23	Catatumbo	\N	\N
445	23	Colón	\N	\N
446	23	Francisco Javier Pulgar	\N	\N
447	23	Páez	\N	\N
448	23	Jesús Enrique Losada	\N	\N
449	23	Jesús María Semprún	\N	\N
450	23	La Cañada de Urdaneta	\N	\N
451	23	Lagunillas	\N	\N
452	23	Machiques de Perijá	\N	\N
453	23	Mara	\N	\N
454	23	Maracaibo	\N	\N
455	23	Miranda	\N	\N
456	23	Rosario de Perijá	\N	\N
457	23	San Francisco	\N	\N
458	23	Santa Rita	\N	\N
459	23	Simón Bolívar	\N	\N
460	23	Sucre	\N	\N
461	23	Valmore Rodríguez	\N	\N
462	24	Libertador	\N	\N
\.


--
-- Data for Name: obras; Type: TABLE DATA; Schema: public; Owner: postgres
--

COPY public.obras (id, id_tipo_proyecto, id_tipo_proceso_hidrico, id_tipo_infraestructura, id_accion_realizar, id_tipo_caracteristica_accion_obras, descripcion, lps_recuperados, mejoras_servicio, id_accion, deleted_at, created_at, updated_at) FROM stdin;
\.


--
-- Data for Name: operatividad; Type: TABLE DATA; Schema: public; Owner: postgres
--

COPY public.operatividad (id, operatividad, created_at, updated_at) FROM stdin;
1	EN SERVICIO	\N	\N
2	FUERA DE SERVICIO	\N	\N
\.


--
-- Data for Name: organizaciones_populares; Type: TABLE DATA; Schema: public; Owner: postgres
--

COPY public.organizaciones_populares (id, nombre_organizacion, id_tipo_organizacion_popular, id_coordenadas, id_acueducto, cant_miembros, fecha_creacion, deleted_at, created_at, updated_at) FROM stdin;
\.


--
-- Data for Name: parroquias; Type: TABLE DATA; Schema: public; Owner: postgres
--

COPY public.parroquias (id, municipio_id, parroquia, created_at, updated_at) FROM stdin;
1	1	Alto Orinoco	\N	\N
2	1	Huachamacare Acanaña	\N	\N
3	1	Marawaka Toky Shamanaña	\N	\N
4	1	Mavaka Mavaka	\N	\N
5	1	Sierra Parima Parimabé	\N	\N
6	2	Ucata Laja Lisa	\N	\N
7	2	Yapacana Macuruco	\N	\N
8	2	Caname Guarinuma	\N	\N
9	3	Fernando Girón Tovar	\N	\N
10	3	Luis Alberto Gómez	\N	\N
11	3	Pahueña Limón de Parhueña	\N	\N
12	3	Platanillal Platanillal	\N	\N
13	4	Samariapo	\N	\N
14	4	Sipapo	\N	\N
15	4	Munduapo	\N	\N
16	4	Guayapo	\N	\N
17	5	Alto Ventuari	\N	\N
18	5	Medio Ventuari	\N	\N
19	5	Bajo Ventuari	\N	\N
20	6	Victorino	\N	\N
21	6	Comunidad	\N	\N
22	7	Casiquiare	\N	\N
23	7	Cocuy	\N	\N
24	7	San Carlos de Río Negro	\N	\N
25	7	Solano	\N	\N
26	8	Anaco	\N	\N
27	8	San Joaquín	\N	\N
28	9	Cachipo	\N	\N
29	9	Aragua de Barcelona	\N	\N
30	11	Lechería	\N	\N
31	11	El Morro	\N	\N
32	12	Puerto Píritu	\N	\N
33	12	San Miguel	\N	\N
34	12	Sucre	\N	\N
35	13	Valle de Guanape	\N	\N
36	13	Santa Bárbara	\N	\N
37	14	El Chaparro	\N	\N
38	14	Tomás Alfaro	\N	\N
39	14	Calatrava	\N	\N
40	15	Guanta	\N	\N
41	15	Chorrerón	\N	\N
42	16	Mamo	\N	\N
43	16	Soledad	\N	\N
44	17	Mapire	\N	\N
45	17	Piar	\N	\N
46	17	Santa Clara	\N	\N
47	17	San Diego de Cabrutica	\N	\N
48	17	Uverito	\N	\N
49	17	Zuata	\N	\N
50	18	Puerto La Cruz	\N	\N
51	18	Pozuelos	\N	\N
52	19	Onoto	\N	\N
53	19	San Pablo	\N	\N
54	20	San Mateo	\N	\N
55	20	El Carito	\N	\N
56	20	Santa Inés	\N	\N
57	20	La Romereña	\N	\N
58	21	Atapirire	\N	\N
59	21	Boca del Pao	\N	\N
60	21	El Pao	\N	\N
61	21	Pariaguán	\N	\N
62	22	Cantaura	\N	\N
63	22	Libertador	\N	\N
64	22	Santa Rosa	\N	\N
65	22	Urica	\N	\N
66	23	Píritu	\N	\N
67	23	San Francisco	\N	\N
68	24	San José de Guanipa	\N	\N
69	25	Boca de Uchire	\N	\N
70	25	Boca de Chávez	\N	\N
71	26	Pueblo Nuevo	\N	\N
72	26	Santa Ana	\N	\N
73	27	Bergatín	\N	\N
74	27	Caigua	\N	\N
75	27	El Carmen	\N	\N
76	27	El Pilar	\N	\N
77	27	Naricual	\N	\N
78	27	San Crsitóbal	\N	\N
79	28	Edmundo Barrios	\N	\N
80	28	Miguel Otero Silva	\N	\N
81	29	Achaguas	\N	\N
82	29	Apurito	\N	\N
83	29	El Yagual	\N	\N
84	29	Guachara	\N	\N
85	29	Mucuritas	\N	\N
86	29	Queseras del medio	\N	\N
87	30	Biruaca	\N	\N
88	31	Bruzual	\N	\N
89	31	Mantecal	\N	\N
90	31	Quintero	\N	\N
91	31	Rincón Hondo	\N	\N
92	31	San Vicente	\N	\N
93	32	Guasdualito	\N	\N
94	32	Aramendi	\N	\N
95	32	El Amparo	\N	\N
96	32	San Camilo	\N	\N
97	32	Urdaneta	\N	\N
98	33	San Juan de Payara	\N	\N
99	33	Codazzi	\N	\N
100	33	Cunaviche	\N	\N
101	34	Elorza	\N	\N
102	34	La Trinidad	\N	\N
103	35	San Fernando	\N	\N
104	35	El Recreo	\N	\N
105	35	Peñalver	\N	\N
106	35	San Rafael de Atamaica	\N	\N
107	36	Pedro José Ovalles	\N	\N
108	36	Joaquín Crespo	\N	\N
109	36	José Casanova Godoy	\N	\N
110	36	Madre María de San José	\N	\N
111	36	Andrés Eloy Blanco	\N	\N
112	36	Los Tacarigua	\N	\N
113	36	Las Delicias	\N	\N
114	36	Choroní	\N	\N
115	37	Bolívar	\N	\N
116	38	Camatagua	\N	\N
117	38	Carmen de Cura	\N	\N
118	39	Santa Rita	\N	\N
119	39	Francisco de Miranda	\N	\N
120	39	Moseñor Feliciano González	\N	\N
121	40	Santa Cruz	\N	\N
122	41	José Félix Ribas	\N	\N
123	41	Castor Nieves Ríos	\N	\N
124	41	Las Guacamayas	\N	\N
125	41	Pao de Zárate	\N	\N
126	41	Zuata	\N	\N
127	42	José Rafael Revenga	\N	\N
128	43	Palo Negro	\N	\N
129	43	San Martín de Porres	\N	\N
130	44	El Limón	\N	\N
131	44	Caña de Azúcar	\N	\N
132	45	Ocumare de la Costa	\N	\N
133	46	San Casimiro	\N	\N
134	46	Güiripa	\N	\N
135	46	Ollas de Caramacate	\N	\N
136	46	Valle Morín	\N	\N
137	47	San Sebastían	\N	\N
138	48	Turmero	\N	\N
139	48	Arevalo Aponte	\N	\N
140	48	Chuao	\N	\N
141	48	Samán de Güere	\N	\N
142	48	Alfredo Pacheco Miranda	\N	\N
143	49	Santos Michelena	\N	\N
144	49	Tiara	\N	\N
145	50	Cagua	\N	\N
146	50	Bella Vista	\N	\N
147	51	Tovar	\N	\N
148	52	Urdaneta	\N	\N
149	52	Las Peñitas	\N	\N
150	52	San Francisco de Cara	\N	\N
151	52	Taguay	\N	\N
152	53	Zamora	\N	\N
153	53	Magdaleno	\N	\N
154	53	San Francisco de Asís	\N	\N
155	53	Valles de Tucutunemo	\N	\N
156	53	Augusto Mijares	\N	\N
157	54	Sabaneta	\N	\N
158	54	Juan Antonio Rodríguez Domínguez	\N	\N
159	55	El Cantón	\N	\N
160	55	Santa Cruz de Guacas	\N	\N
161	55	Puerto Vivas	\N	\N
162	56	Ticoporo	\N	\N
163	56	Nicolás Pulido	\N	\N
164	56	Andrés Bello	\N	\N
165	57	Arismendi	\N	\N
166	57	Guadarrama	\N	\N
167	57	La Unión	\N	\N
168	57	San Antonio	\N	\N
169	58	Barinas	\N	\N
170	58	Alberto Arvelo Larriva	\N	\N
171	58	San Silvestre	\N	\N
172	58	Santa Inés	\N	\N
173	58	Santa Lucía	\N	\N
174	58	Torumos	\N	\N
175	58	El Carmen	\N	\N
176	58	Rómulo Betancourt	\N	\N
177	58	Corazón de Jesús	\N	\N
178	58	Ramón Ignacio Méndez	\N	\N
179	58	Alto Barinas	\N	\N
180	58	Manuel Palacio Fajardo	\N	\N
181	58	Juan Antonio Rodríguez Domínguez	\N	\N
182	58	Dominga Ortiz de Páez	\N	\N
183	59	Barinitas	\N	\N
184	59	Altamira de Cáceres	\N	\N
185	59	Calderas	\N	\N
186	60	Barrancas	\N	\N
187	60	El Socorro	\N	\N
188	60	Mazparrito	\N	\N
189	61	Santa Bárbara	\N	\N
190	61	Pedro Briceño Méndez	\N	\N
191	61	Ramón Ignacio Méndez	\N	\N
192	61	José Ignacio del Pumar	\N	\N
193	62	Obispos	\N	\N
194	62	Guasimitos	\N	\N
195	62	El Real	\N	\N
196	62	La Luz	\N	\N
197	63	Ciudad Bolívia	\N	\N
198	63	José Ignacio Briceño	\N	\N
199	63	José Félix Ribas	\N	\N
200	63	Páez	\N	\N
201	64	Libertad	\N	\N
202	64	Dolores	\N	\N
203	64	Santa Rosa	\N	\N
204	64	Palacio Fajardo	\N	\N
205	65	Ciudad de Nutrias	\N	\N
206	65	El Regalo	\N	\N
207	65	Puerto Nutrias	\N	\N
208	65	Santa Catalina	\N	\N
209	66	Cachamay	\N	\N
210	66	Chirica	\N	\N
211	66	Dalla Costa	\N	\N
212	66	Once de Abril	\N	\N
213	66	Simón Bolívar	\N	\N
214	66	Unare	\N	\N
215	66	Universidad	\N	\N
216	66	Vista al Sol	\N	\N
217	66	Pozo Verde	\N	\N
218	66	Yocoima	\N	\N
219	66	5 de Julio	\N	\N
220	67	Cedeño	\N	\N
221	67	Altagracia	\N	\N
222	67	Ascensión Farreras	\N	\N
223	67	Guaniamo	\N	\N
224	67	La Urbana	\N	\N
225	67	Pijiguaos	\N	\N
226	68	El Callao	\N	\N
227	69	Gran Sabana	\N	\N
228	69	Ikabarú	\N	\N
229	70	Catedral	\N	\N
230	70	Zea	\N	\N
231	70	Orinoco	\N	\N
232	70	José Antonio Páez	\N	\N
233	70	Marhuanta	\N	\N
234	70	Agua Salada	\N	\N
235	70	Vista Hermosa	\N	\N
236	70	La Sabanita	\N	\N
237	70	Panapana	\N	\N
238	71	Andrés Eloy Blanco	\N	\N
239	71	Pedro Cova	\N	\N
240	72	Raúl Leoni	\N	\N
241	72	Barceloneta	\N	\N
242	72	Santa Bárbara	\N	\N
243	72	San Francisco	\N	\N
244	73	Roscio	\N	\N
245	73	Salóm	\N	\N
246	74	Sifontes	\N	\N
247	74	Dalla Costa	\N	\N
248	74	San Isidro	\N	\N
249	75	Sucre	\N	\N
250	75	Aripao	\N	\N
251	75	Guarataro	\N	\N
252	75	Las Majadas	\N	\N
253	75	Moitaco	\N	\N
254	76	Padre Pedro Chien	\N	\N
255	76	Río Grande	\N	\N
256	77	Bejuma	\N	\N
257	77	Canoabo	\N	\N
258	77	Simón Bolívar	\N	\N
259	78	Güigüe	\N	\N
260	78	Carabobo	\N	\N
261	78	Tacarigua	\N	\N
262	79	Mariara	\N	\N
263	79	Aguas Calientes	\N	\N
264	80	Ciudad Alianza	\N	\N
265	80	Guacara	\N	\N
266	80	Yagua	\N	\N
267	81	Morón	\N	\N
268	81	Yagua	\N	\N
269	82	Tocuyito	\N	\N
270	82	Independencia	\N	\N
271	83	Los Guayos	\N	\N
272	84	Miranda	\N	\N
273	85	Montalbán	\N	\N
274	86	Naguanagua	\N	\N
275	87	Bartolomé Salóm	\N	\N
276	87	Democracia	\N	\N
277	87	Fraternidad	\N	\N
278	87	Goaigoaza	\N	\N
279	87	Juan José Flores	\N	\N
280	87	Unión	\N	\N
281	87	Borburata	\N	\N
282	87	Patanemo	\N	\N
283	88	San Diego	\N	\N
284	89	San Joaquín	\N	\N
285	90	Candelaria	\N	\N
286	90	Catedral	\N	\N
287	90	El Socorro	\N	\N
288	90	Miguel Peña	\N	\N
289	90	Rafael Urdaneta	\N	\N
290	90	San Blas	\N	\N
291	90	San José	\N	\N
292	90	Santa Rosa	\N	\N
293	90	Negro Primero	\N	\N
294	91	Cojedes	\N	\N
295	91	Juan de Mata Suárez	\N	\N
296	92	Tinaquillo	\N	\N
297	93	El Baúl	\N	\N
298	93	Sucre	\N	\N
299	94	La Aguadita	\N	\N
300	94	Macapo	\N	\N
301	95	El Pao	\N	\N
302	96	El Amparo	\N	\N
303	96	Libertad de Cojedes	\N	\N
304	97	Rómulo Gallegos	\N	\N
305	98	San Carlos de Austria	\N	\N
306	98	Juan Ángel Bravo	\N	\N
307	98	Manuel Manrique	\N	\N
308	99	General en Jefe José Laurencio Silva	\N	\N
309	100	Curiapo	\N	\N
310	100	Almirante Luis Brión	\N	\N
311	100	Francisco Aniceto Lugo	\N	\N
312	100	Manuel Renaud	\N	\N
313	100	Padre Barral	\N	\N
314	100	Santos de Abelgas	\N	\N
315	101	Imataca	\N	\N
316	101	Cinco de Julio	\N	\N
317	101	Juan Bautista Arismendi	\N	\N
318	101	Manuel Piar	\N	\N
319	101	Rómulo Gallegos	\N	\N
320	102	Pedernales	\N	\N
321	102	Luis Beltrán Prieto Figueroa	\N	\N
322	103	San José (Delta Amacuro)	\N	\N
323	103	José Vidal Marcano	\N	\N
324	103	Juan Millán	\N	\N
325	103	Leonardo Ruíz Pineda	\N	\N
326	103	Mariscal Antonio José de Sucre	\N	\N
327	103	Monseñor Argimiro García	\N	\N
328	103	San Rafael (Delta Amacuro)	\N	\N
329	103	Virgen del Valle	\N	\N
330	10	Clarines	\N	\N
331	10	Guanape	\N	\N
332	10	Sabana de Uchire	\N	\N
333	104	Capadare	\N	\N
334	104	La Pastora	\N	\N
335	104	Libertador	\N	\N
336	104	San Juan de los Cayos	\N	\N
337	105	Aracua	\N	\N
338	105	La Peña	\N	\N
339	105	San Luis	\N	\N
340	106	Bariro	\N	\N
341	106	Borojó	\N	\N
342	106	Capatárida	\N	\N
343	106	Guajiro	\N	\N
344	106	Seque	\N	\N
345	106	Zazárida	\N	\N
346	106	Valle de Eroa	\N	\N
347	107	Cacique Manaure	\N	\N
348	108	Norte	\N	\N
349	108	Carirubana	\N	\N
350	108	Santa Ana	\N	\N
351	108	Urbana Punta Cardón	\N	\N
352	109	La Vela de Coro	\N	\N
353	109	Acurigua	\N	\N
354	109	Guaibacoa	\N	\N
355	109	Las Calderas	\N	\N
356	109	Macoruca	\N	\N
357	110	Dabajuro	\N	\N
358	111	Agua Clara	\N	\N
359	111	Avaria	\N	\N
360	111	Pedregal	\N	\N
361	111	Piedra Grande	\N	\N
362	111	Purureche	\N	\N
363	112	Adaure	\N	\N
364	112	Adícora	\N	\N
365	112	Baraived	\N	\N
366	112	Buena Vista	\N	\N
367	112	Jadacaquiva	\N	\N
368	112	El Vínculo	\N	\N
369	112	El Hato	\N	\N
370	112	Moruy	\N	\N
371	112	Pueblo Nuevo	\N	\N
372	113	Agua Larga	\N	\N
373	113	El Paují	\N	\N
374	113	Independencia	\N	\N
375	113	Mapararí	\N	\N
376	114	Agua Linda	\N	\N
377	114	Araurima	\N	\N
378	114	Jacura	\N	\N
379	115	Tucacas	\N	\N
380	115	Boca de Aroa	\N	\N
381	116	Los Taques	\N	\N
382	116	Judibana	\N	\N
383	117	Mene de Mauroa	\N	\N
384	117	San Félix	\N	\N
385	117	Casigua	\N	\N
386	118	Guzmán Guillermo	\N	\N
387	118	Mitare	\N	\N
388	118	Río Seco	\N	\N
389	118	Sabaneta	\N	\N
390	118	San Antonio	\N	\N
391	118	San Gabriel	\N	\N
392	118	Santa Ana	\N	\N
393	119	Boca del Tocuyo	\N	\N
394	119	Chichiriviche	\N	\N
395	119	Tocuyo de la Costa	\N	\N
396	120	Palmasola	\N	\N
397	121	Cabure	\N	\N
398	121	Colina	\N	\N
399	121	Curimagua	\N	\N
400	122	San José de la Costa	\N	\N
401	122	Píritu	\N	\N
402	123	San Francisco	\N	\N
403	124	Sucre	\N	\N
404	124	Pecaya	\N	\N
405	125	Tocópero	\N	\N
406	126	El Charal	\N	\N
407	126	Las Vegas del Tuy	\N	\N
408	126	Santa Cruz de Bucaral	\N	\N
409	127	Bruzual	\N	\N
410	127	Urumaco	\N	\N
411	128	Puerto Cumarebo	\N	\N
412	128	La Ciénaga	\N	\N
413	128	La Soledad	\N	\N
414	128	Pueblo Cumarebo	\N	\N
415	128	Zazárida	\N	\N
416	113	Churuguara	\N	\N
417	129	Camaguán	\N	\N
418	129	Puerto Miranda	\N	\N
419	129	Uverito	\N	\N
420	130	Chaguaramas	\N	\N
421	131	El Socorro	\N	\N
422	132	Tucupido	\N	\N
423	132	San Rafael de Laya	\N	\N
424	133	Altagracia de Orituco	\N	\N
425	133	San Rafael de Orituco	\N	\N
426	133	San Francisco Javier de Lezama	\N	\N
427	133	Paso Real de Macaira	\N	\N
428	133	Carlos Soublette	\N	\N
429	133	San Francisco de Macaira	\N	\N
430	133	Libertad de Orituco	\N	\N
431	134	Cantaclaro	\N	\N
432	134	San Juan de los Morros	\N	\N
433	134	Parapara	\N	\N
434	135	El Sombrero	\N	\N
435	135	Sosa	\N	\N
436	136	Las Mercedes	\N	\N
437	136	Cabruta	\N	\N
438	136	Santa Rita de Manapire	\N	\N
439	137	Valle de la Pascua	\N	\N
440	137	Espino	\N	\N
441	138	San José de Unare	\N	\N
442	138	Zaraza	\N	\N
443	139	San José de Tiznados	\N	\N
444	139	San Francisco de Tiznados	\N	\N
445	139	San Lorenzo de Tiznados	\N	\N
446	139	Ortiz	\N	\N
447	140	Guayabal	\N	\N
448	140	Cazorla	\N	\N
449	141	San José de Guaribe	\N	\N
450	141	Uveral	\N	\N
451	142	Santa María de Ipire	\N	\N
452	142	Altamira	\N	\N
453	143	El Calvario	\N	\N
454	143	El Rastro	\N	\N
455	143	Guardatinajas	\N	\N
456	143	Capital Urbana Calabozo	\N	\N
457	144	Quebrada Honda de Guache	\N	\N
458	144	Pío Tamayo	\N	\N
459	144	Yacambú	\N	\N
460	145	Fréitez	\N	\N
461	145	José María Blanco	\N	\N
462	146	Catedral	\N	\N
463	146	Concepción	\N	\N
464	146	El Cují	\N	\N
465	146	Juan de Villegas	\N	\N
466	146	Santa Rosa	\N	\N
467	146	Tamaca	\N	\N
468	146	Unión	\N	\N
469	146	Aguedo Felipe Alvarado	\N	\N
470	146	Buena Vista	\N	\N
471	146	Juárez	\N	\N
472	147	Juan Bautista Rodríguez	\N	\N
473	147	Cuara	\N	\N
474	147	Diego de Lozada	\N	\N
475	147	Paraíso de San José	\N	\N
476	147	San Miguel	\N	\N
477	147	Tintorero	\N	\N
478	147	José Bernardo Dorante	\N	\N
479	147	Coronel Mariano Peraza 	\N	\N
480	148	Bolívar	\N	\N
481	148	Anzoátegui	\N	\N
482	148	Guarico	\N	\N
483	148	Hilario Luna y Luna	\N	\N
484	148	Humocaro Alto	\N	\N
485	148	Humocaro Bajo	\N	\N
486	148	La Candelaria	\N	\N
487	148	Morán	\N	\N
488	149	Cabudare	\N	\N
489	149	José Gregorio Bastidas	\N	\N
490	149	Agua Viva	\N	\N
491	150	Sarare	\N	\N
492	150	Buría	\N	\N
493	150	Gustavo Vegas León	\N	\N
494	151	Trinidad Samuel	\N	\N
495	151	Antonio Díaz	\N	\N
496	151	Camacaro	\N	\N
497	151	Castañeda	\N	\N
498	151	Cecilio Zubillaga	\N	\N
499	151	Chiquinquirá	\N	\N
500	151	El Blanco	\N	\N
501	151	Espinoza de los Monteros	\N	\N
502	151	Lara	\N	\N
503	151	Las Mercedes	\N	\N
504	151	Manuel Morillo	\N	\N
505	151	Montaña Verde	\N	\N
506	151	Montes de Oca	\N	\N
507	151	Torres	\N	\N
508	151	Heriberto Arroyo	\N	\N
509	151	Reyes Vargas	\N	\N
510	151	Altagracia	\N	\N
511	152	Siquisique	\N	\N
512	152	Moroturo	\N	\N
513	152	San Miguel	\N	\N
514	152	Xaguas	\N	\N
515	179	Presidente Betancourt	\N	\N
516	179	Presidente Páez	\N	\N
517	179	Presidente Rómulo Gallegos	\N	\N
518	179	Gabriel Picón González	\N	\N
519	179	Héctor Amable Mora	\N	\N
520	179	José Nucete Sardi	\N	\N
521	179	Pulido Méndez	\N	\N
522	180	La Azulita	\N	\N
523	181	Santa Cruz de Mora	\N	\N
524	181	Mesa Bolívar	\N	\N
525	181	Mesa de Las Palmas	\N	\N
526	182	Aricagua	\N	\N
527	182	San Antonio	\N	\N
528	183	Canagua	\N	\N
529	183	Capurí	\N	\N
530	183	Chacantá	\N	\N
531	183	El Molino	\N	\N
532	183	Guaimaral	\N	\N
533	183	Mucutuy	\N	\N
534	183	Mucuchachí	\N	\N
535	184	Fernández Peña	\N	\N
536	184	Matriz	\N	\N
537	184	Montalbán	\N	\N
538	184	Acequias	\N	\N
539	184	Jají	\N	\N
540	184	La Mesa	\N	\N
541	184	San José del Sur	\N	\N
542	185	Tucaní	\N	\N
543	185	Florencio Ramírez	\N	\N
544	186	Santo Domingo	\N	\N
545	186	Las Piedras	\N	\N
546	187	Guaraque	\N	\N
547	187	Mesa de Quintero	\N	\N
548	187	Río Negro	\N	\N
549	188	Arapuey	\N	\N
550	188	Palmira	\N	\N
551	189	San Cristóbal de Torondoy	\N	\N
552	189	Torondoy	\N	\N
553	190	Antonio Spinetti Dini	\N	\N
554	190	Arias	\N	\N
555	190	Caracciolo Parra Pérez	\N	\N
556	190	Domingo Peña	\N	\N
557	190	El Llano	\N	\N
558	190	Gonzalo Picón Febres	\N	\N
559	190	Jacinto Plaza	\N	\N
560	190	Juan Rodríguez Suárez	\N	\N
561	190	Lasso de la Vega	\N	\N
562	190	Mariano Picón Salas	\N	\N
563	190	Milla	\N	\N
564	190	Osuna Rodríguez	\N	\N
565	190	Sagrario	\N	\N
566	190	El Morro	\N	\N
567	190	Los Nevados	\N	\N
568	191	Andrés Eloy Blanco	\N	\N
569	191	La Venta	\N	\N
570	191	Piñango	\N	\N
571	191	Timotes	\N	\N
572	192	Eloy Paredes	\N	\N
573	192	San Rafael de Alcázar	\N	\N
574	192	Santa Elena de Arenales	\N	\N
575	193	Santa María de Caparo	\N	\N
576	194	Pueblo Llano	\N	\N
577	195	Cacute	\N	\N
578	195	La Toma	\N	\N
579	195	Mucuchíes	\N	\N
580	195	Mucurubá	\N	\N
581	195	San Rafael	\N	\N
582	196	Gerónimo Maldonado	\N	\N
583	196	Bailadores	\N	\N
584	197	Tabay	\N	\N
585	198	Chiguará	\N	\N
586	198	Estánquez	\N	\N
587	198	Lagunillas	\N	\N
588	198	La Trampa	\N	\N
589	198	Pueblo Nuevo del Sur	\N	\N
590	198	San Juan	\N	\N
591	199	El Amparo	\N	\N
592	199	El Llano	\N	\N
593	199	San Francisco	\N	\N
594	199	Tovar	\N	\N
595	200	Independencia	\N	\N
596	200	María de la Concepción Palacios Blanco	\N	\N
597	200	Nueva Bolivia	\N	\N
598	200	Santa Apolonia	\N	\N
599	201	Caño El Tigre	\N	\N
600	201	Zea	\N	\N
601	223	Aragüita	\N	\N
602	223	Arévalo González	\N	\N
603	223	Capaya	\N	\N
604	223	Caucagua	\N	\N
605	223	Panaquire	\N	\N
606	223	Ribas	\N	\N
607	223	El Café	\N	\N
608	223	Marizapa	\N	\N
609	224	Cumbo	\N	\N
610	224	San José de Barlovento	\N	\N
611	225	El Cafetal	\N	\N
612	225	Las Minas	\N	\N
613	225	Nuestra Señora del Rosario	\N	\N
614	226	Higuerote	\N	\N
615	226	Curiepe	\N	\N
616	226	Tacarigua de Brión	\N	\N
617	227	Mamporal	\N	\N
618	228	Carrizal	\N	\N
619	229	Chacao	\N	\N
620	230	Charallave	\N	\N
621	230	Las Brisas	\N	\N
622	231	El Hatillo	\N	\N
623	232	Altagracia de la Montaña	\N	\N
624	232	Cecilio Acosta	\N	\N
625	232	Los Teques	\N	\N
626	232	El Jarillo	\N	\N
627	232	San Pedro	\N	\N
628	232	Tácata	\N	\N
629	232	Paracotos	\N	\N
630	233	Cartanal	\N	\N
631	233	Santa Teresa del Tuy	\N	\N
632	234	La Democracia	\N	\N
633	234	Ocumare del Tuy	\N	\N
634	234	Santa Bárbara	\N	\N
635	235	San Antonio de los Altos	\N	\N
636	236	Río Chico	\N	\N
637	236	El Guapo	\N	\N
638	236	Tacarigua de la Laguna	\N	\N
639	236	Paparo	\N	\N
640	236	San Fernando del Guapo	\N	\N
641	237	Santa Lucía del Tuy	\N	\N
642	238	Cúpira	\N	\N
643	238	Machurucuto	\N	\N
644	239	Guarenas	\N	\N
645	240	San Antonio de Yare	\N	\N
646	240	San Francisco de Yare	\N	\N
647	241	Leoncio Martínez	\N	\N
648	241	Petare	\N	\N
649	241	Caucagüita	\N	\N
650	241	Filas de Mariche	\N	\N
651	241	La Dolorita	\N	\N
652	242	Cúa	\N	\N
653	242	Nueva Cúa	\N	\N
654	243	Guatire	\N	\N
655	243	Bolívar	\N	\N
656	258	San Antonio de Maturín	\N	\N
657	258	San Francisco de Maturín	\N	\N
658	259	Aguasay	\N	\N
659	260	Caripito	\N	\N
660	261	El Guácharo	\N	\N
661	261	La Guanota	\N	\N
662	261	Sabana de Piedra	\N	\N
663	261	San Agustín	\N	\N
664	261	Teresen	\N	\N
665	261	Caripe	\N	\N
666	262	Areo	\N	\N
667	262	Capital Cedeño	\N	\N
668	262	San Félix de Cantalicio	\N	\N
669	262	Viento Fresco	\N	\N
670	263	El Tejero	\N	\N
671	263	Punta de Mata	\N	\N
672	264	Chaguaramas	\N	\N
673	264	Las Alhuacas	\N	\N
674	264	Tabasca	\N	\N
675	264	Temblador	\N	\N
676	265	Alto de los Godos	\N	\N
677	265	Boquerón	\N	\N
678	265	Las Cocuizas	\N	\N
679	265	La Cruz	\N	\N
680	265	San Simón	\N	\N
681	265	El Corozo	\N	\N
682	265	El Furrial	\N	\N
683	265	Jusepín	\N	\N
684	265	La Pica	\N	\N
685	265	San Vicente	\N	\N
686	266	Aparicio	\N	\N
687	266	Aragua de Maturín	\N	\N
688	266	Chaguamal	\N	\N
689	266	El Pinto	\N	\N
690	266	Guanaguana	\N	\N
691	266	La Toscana	\N	\N
692	266	Taguaya	\N	\N
693	267	Cachipo	\N	\N
694	267	Quiriquire	\N	\N
695	268	Santa Bárbara	\N	\N
696	269	Barrancas	\N	\N
697	269	Los Barrancos de Fajardo	\N	\N
698	270	Uracoa	\N	\N
699	271	Antolín del Campo	\N	\N
700	272	Arismendi	\N	\N
701	273	García	\N	\N
702	273	Francisco Fajardo	\N	\N
703	274	Bolívar	\N	\N
704	274	Guevara	\N	\N
705	274	Matasiete	\N	\N
706	274	Santa Ana	\N	\N
707	274	Sucre	\N	\N
708	275	Aguirre	\N	\N
709	275	Maneiro	\N	\N
710	276	Adrián	\N	\N
711	276	Juan Griego	\N	\N
712	276	Yaguaraparo	\N	\N
713	277	Porlamar	\N	\N
714	278	San Francisco de Macanao	\N	\N
715	278	Boca de Río	\N	\N
716	279	Tubores	\N	\N
717	279	Los Baleales	\N	\N
718	280	Vicente Fuentes	\N	\N
719	280	Villalba	\N	\N
720	281	San Juan Bautista	\N	\N
721	281	Zabala	\N	\N
722	283	Capital Araure	\N	\N
723	283	Río Acarigua	\N	\N
724	284	Capital Esteller	\N	\N
725	284	Uveral	\N	\N
726	285	Guanare	\N	\N
727	285	Córdoba	\N	\N
728	285	San José de la Montaña	\N	\N
729	285	San Juan de Guanaguanare	\N	\N
730	285	Virgen de la Coromoto	\N	\N
731	286	Guanarito	\N	\N
732	286	Trinidad de la Capilla	\N	\N
733	286	Divina Pastora	\N	\N
734	287	Monseñor José Vicente de Unda	\N	\N
735	287	Peña Blanca	\N	\N
736	288	Capital Ospino	\N	\N
737	288	Aparición	\N	\N
738	288	La Estación	\N	\N
739	289	Páez	\N	\N
740	289	Payara	\N	\N
741	289	Pimpinela	\N	\N
742	289	Ramón Peraza	\N	\N
743	290	Papelón	\N	\N
744	290	Caño Delgadito	\N	\N
745	291	San Genaro de Boconoito	\N	\N
746	291	Antolín Tovar	\N	\N
747	292	San Rafael de Onoto	\N	\N
748	292	Santa Fe	\N	\N
749	292	Thermo Morles	\N	\N
750	293	Santa Rosalía	\N	\N
751	293	Florida	\N	\N
752	294	Sucre	\N	\N
753	294	Concepción	\N	\N
754	294	San Rafael de Palo Alzado	\N	\N
755	294	Uvencio Antonio Velásquez	\N	\N
756	294	San José de Saguaz	\N	\N
757	294	Villa Rosa	\N	\N
758	295	Turén	\N	\N
759	295	Canelones	\N	\N
760	295	Santa Cruz	\N	\N
761	295	San Isidro Labrador	\N	\N
762	296	Mariño	\N	\N
763	296	Rómulo Gallegos	\N	\N
764	297	San José de Aerocuar	\N	\N
765	297	Tavera Acosta	\N	\N
766	298	Río Caribe	\N	\N
767	298	Antonio José de Sucre	\N	\N
768	298	El Morro de Puerto Santo	\N	\N
769	298	Puerto Santo	\N	\N
770	298	San Juan de las Galdonas	\N	\N
771	299	El Pilar	\N	\N
772	299	El Rincón	\N	\N
773	299	General Francisco Antonio Váquez	\N	\N
774	299	Guaraúnos	\N	\N
775	299	Tunapuicito	\N	\N
776	299	Unión	\N	\N
777	300	Santa Catalina	\N	\N
778	300	Santa Rosa	\N	\N
779	300	Santa Teresa	\N	\N
780	300	Bolívar	\N	\N
781	300	Maracapana	\N	\N
782	302	Libertad	\N	\N
783	302	El Paujil	\N	\N
784	302	Yaguaraparo	\N	\N
785	303	Cruz Salmerón Acosta	\N	\N
786	303	Chacopata	\N	\N
787	303	Manicuare	\N	\N
788	304	Tunapuy	\N	\N
789	304	Campo Elías	\N	\N
790	305	Irapa	\N	\N
791	305	Campo Claro	\N	\N
792	305	Maraval	\N	\N
793	305	San Antonio de Irapa	\N	\N
794	305	Soro	\N	\N
795	306	Mejía	\N	\N
796	307	Cumanacoa	\N	\N
797	307	Arenas	\N	\N
798	307	Aricagua	\N	\N
799	307	Cogollar	\N	\N
800	307	San Fernando	\N	\N
801	307	San Lorenzo	\N	\N
802	308	Villa Frontado (Muelle de Cariaco)	\N	\N
803	308	Catuaro	\N	\N
804	308	Rendón	\N	\N
805	308	San Cruz	\N	\N
806	308	Santa María	\N	\N
807	309	Altagracia	\N	\N
808	309	Santa Inés	\N	\N
809	309	Valentín Valiente	\N	\N
810	309	Ayacucho	\N	\N
811	309	San Juan	\N	\N
812	309	Raúl Leoni	\N	\N
813	309	Gran Mariscal	\N	\N
814	310	Cristóbal Colón	\N	\N
815	310	Bideau	\N	\N
816	310	Punta de Piedras	\N	\N
817	310	Güiria	\N	\N
818	341	Andrés Bello	\N	\N
819	342	Antonio Rómulo Costa	\N	\N
820	343	Ayacucho	\N	\N
821	343	Rivas Berti	\N	\N
822	343	San Pedro del Río	\N	\N
823	344	Bolívar	\N	\N
824	344	Palotal	\N	\N
825	344	General Juan Vicente Gómez	\N	\N
826	344	Isaías Medina Angarita	\N	\N
827	345	Cárdenas	\N	\N
828	345	Amenodoro Ángel Lamus	\N	\N
829	345	La Florida	\N	\N
830	346	Córdoba	\N	\N
831	347	Fernández Feo	\N	\N
832	347	Alberto Adriani	\N	\N
833	347	Santo Domingo	\N	\N
834	348	Francisco de Miranda	\N	\N
835	349	García de Hevia	\N	\N
836	349	Boca de Grita	\N	\N
837	349	José Antonio Páez	\N	\N
838	350	Guásimos	\N	\N
839	351	Independencia	\N	\N
840	351	Juan Germán Roscio	\N	\N
841	351	Román Cárdenas	\N	\N
842	352	Jáuregui	\N	\N
843	352	Emilio Constantino Guerrero	\N	\N
844	352	Monseñor Miguel Antonio Salas	\N	\N
845	353	José María Vargas	\N	\N
846	354	Junín	\N	\N
847	354	La Petrólea	\N	\N
848	354	Quinimarí	\N	\N
849	354	Bramón	\N	\N
850	355	Libertad	\N	\N
851	355	Cipriano Castro	\N	\N
852	355	Manuel Felipe Rugeles	\N	\N
853	356	Libertador	\N	\N
854	356	Doradas	\N	\N
855	356	Emeterio Ochoa	\N	\N
856	356	San Joaquín de Navay	\N	\N
857	357	Lobatera	\N	\N
858	357	Constitución	\N	\N
859	358	Michelena	\N	\N
860	359	Panamericano	\N	\N
861	359	La Palmita	\N	\N
862	360	Pedro María Ureña	\N	\N
863	360	Nueva Arcadia	\N	\N
864	361	Delicias	\N	\N
865	361	Pecaya	\N	\N
866	362	Samuel Darío Maldonado	\N	\N
867	362	Boconó	\N	\N
868	362	Hernández	\N	\N
869	363	La Concordia	\N	\N
870	363	San Juan Bautista	\N	\N
871	363	Pedro María Morantes	\N	\N
872	363	San Sebastián	\N	\N
873	363	Dr. Francisco Romero Lobo	\N	\N
874	364	Seboruco	\N	\N
875	365	Simón Rodríguez	\N	\N
876	366	Sucre	\N	\N
877	366	Eleazar López Contreras	\N	\N
878	366	San Pablo	\N	\N
879	367	Torbes	\N	\N
880	368	Uribante	\N	\N
881	368	Cárdenas	\N	\N
882	368	Juan Pablo Peñalosa	\N	\N
883	368	Potosí	\N	\N
884	369	San Judas Tadeo	\N	\N
885	370	Araguaney	\N	\N
886	370	El Jaguito	\N	\N
887	370	La Esperanza	\N	\N
888	370	Santa Isabel	\N	\N
889	371	Boconó	\N	\N
890	371	El Carmen	\N	\N
891	371	Mosquey	\N	\N
892	371	Ayacucho	\N	\N
893	371	Burbusay	\N	\N
894	371	General Ribas	\N	\N
895	371	Guaramacal	\N	\N
896	371	Vega de Guaramacal	\N	\N
897	371	Monseñor Jáuregui	\N	\N
898	371	Rafael Rangel	\N	\N
899	371	San Miguel	\N	\N
900	371	San José	\N	\N
901	372	Sabana Grande	\N	\N
902	372	Cheregüé	\N	\N
903	372	Granados	\N	\N
904	373	Arnoldo Gabaldón	\N	\N
905	373	Bolivia	\N	\N
906	373	Carrillo	\N	\N
907	373	Cegarra	\N	\N
908	373	Chejendé	\N	\N
909	373	Manuel Salvador Ulloa	\N	\N
910	373	San José	\N	\N
911	374	Carache	\N	\N
912	374	La Concepción	\N	\N
913	374	Cuicas	\N	\N
914	374	Panamericana	\N	\N
915	374	Santa Cruz	\N	\N
916	375	Escuque	\N	\N
917	375	La Unión	\N	\N
918	375	Santa Rita	\N	\N
919	375	Sabana Libre	\N	\N
920	376	El Socorro	\N	\N
921	376	Los Caprichos	\N	\N
922	376	Antonio José de Sucre	\N	\N
923	377	Campo Elías	\N	\N
924	377	Arnoldo Gabaldón	\N	\N
925	378	Santa Apolonia	\N	\N
926	378	El Progreso	\N	\N
927	378	La Ceiba	\N	\N
928	378	Tres de Febrero	\N	\N
929	379	El Dividive	\N	\N
930	379	Agua Santa	\N	\N
931	379	Agua Caliente	\N	\N
932	379	El Cenizo	\N	\N
933	379	Valerita	\N	\N
934	380	Monte Carmelo	\N	\N
935	380	Buena Vista	\N	\N
936	380	Santa María del Horcón	\N	\N
937	381	Motatán	\N	\N
938	381	El Baño	\N	\N
939	381	Jalisco	\N	\N
940	382	Pampán	\N	\N
941	382	Flor de Patria	\N	\N
942	382	La Paz	\N	\N
943	382	Santa Ana	\N	\N
944	383	Pampanito	\N	\N
945	383	La Concepción	\N	\N
946	383	Pampanito II	\N	\N
947	384	Betijoque	\N	\N
948	384	José Gregorio Hernández	\N	\N
949	384	La Pueblita	\N	\N
950	384	Los Cedros	\N	\N
951	385	Carvajal	\N	\N
952	385	Campo Alegre	\N	\N
953	385	Antonio Nicolás Briceño	\N	\N
954	385	José Leonardo Suárez	\N	\N
955	386	Sabana de Mendoza	\N	\N
956	386	Junín	\N	\N
957	386	Valmore Rodríguez	\N	\N
958	386	El Paraíso	\N	\N
959	387	Andrés Linares	\N	\N
960	387	Chiquinquirá	\N	\N
961	387	Cristóbal Mendoza	\N	\N
962	387	Cruz Carrillo	\N	\N
963	387	Matriz	\N	\N
964	387	Monseñor Carrillo	\N	\N
965	387	Tres Esquinas	\N	\N
966	388	Cabimbú	\N	\N
967	388	Jajó	\N	\N
968	388	La Mesa de Esnujaque	\N	\N
969	388	Santiago	\N	\N
970	388	Tuñame	\N	\N
971	388	La Quebrada	\N	\N
972	389	Juan Ignacio Montilla	\N	\N
973	389	La Beatriz	\N	\N
974	389	La Puerta	\N	\N
975	389	Mendoza del Valle de Momboy	\N	\N
976	389	Mercedes Díaz	\N	\N
977	389	San Luis	\N	\N
978	390	Caraballeda	\N	\N
979	390	Carayaca	\N	\N
980	390	Carlos Soublette	\N	\N
981	390	Caruao Chuspa	\N	\N
982	390	Catia La Mar	\N	\N
983	390	El Junko	\N	\N
984	390	La Guaira	\N	\N
985	390	Macuto	\N	\N
986	390	Maiquetía	\N	\N
987	390	Naiguatá	\N	\N
988	390	Urimare	\N	\N
989	391	Arístides Bastidas	\N	\N
990	392	Bolívar	\N	\N
991	407	Chivacoa	\N	\N
992	407	Campo Elías	\N	\N
993	408	Cocorote	\N	\N
994	409	Independencia	\N	\N
995	410	José Antonio Páez	\N	\N
996	411	La Trinidad	\N	\N
997	412	Manuel Monge	\N	\N
998	413	Salóm	\N	\N
999	413	Temerla	\N	\N
1000	413	Nirgua	\N	\N
1001	414	San Andrés	\N	\N
1002	414	Yaritagua	\N	\N
1003	415	San Javier	\N	\N
1004	415	Albarico	\N	\N
1005	415	San Felipe	\N	\N
1006	416	Sucre	\N	\N
1007	417	Urachiche	\N	\N
1008	418	El Guayabo	\N	\N
1009	418	Farriar	\N	\N
1010	441	Isla de Toas	\N	\N
1011	441	Monagas	\N	\N
1012	442	San Timoteo	\N	\N
1013	442	General Urdaneta	\N	\N
1014	442	Libertador	\N	\N
1015	442	Marcelino Briceño	\N	\N
1016	442	Pueblo Nuevo	\N	\N
1017	442	Manuel Guanipa Matos	\N	\N
1018	443	Ambrosio	\N	\N
1019	443	Carmen Herrera	\N	\N
1020	443	La Rosa	\N	\N
1021	443	Germán Ríos Linares	\N	\N
1022	443	San Benito	\N	\N
1023	443	Rómulo Betancourt	\N	\N
1024	443	Jorge Hernández	\N	\N
1025	443	Punta Gorda	\N	\N
1026	443	Arístides Calvani	\N	\N
1027	444	Encontrados	\N	\N
1028	444	Udón Pérez	\N	\N
1029	445	Moralito	\N	\N
1030	445	San Carlos del Zulia	\N	\N
1031	445	Santa Cruz del Zulia	\N	\N
1032	445	Santa Bárbara	\N	\N
1033	445	Urribarrí	\N	\N
1034	446	Carlos Quevedo	\N	\N
1035	446	Francisco Javier Pulgar	\N	\N
1036	446	Simón Rodríguez	\N	\N
1037	446	Guamo-Gavilanes	\N	\N
1038	448	La Concepción	\N	\N
1039	448	San José	\N	\N
1040	448	Mariano Parra León	\N	\N
1041	448	José Ramón Yépez	\N	\N
1042	449	Jesús María Semprún	\N	\N
1043	449	Barí	\N	\N
1044	450	Concepción	\N	\N
1045	450	Andrés Bello	\N	\N
1046	450	Chiquinquirá	\N	\N
1047	450	El Carmelo	\N	\N
1048	450	Potreritos	\N	\N
1049	451	Libertad	\N	\N
1050	451	Alonso de Ojeda	\N	\N
1051	451	Venezuela	\N	\N
1052	451	Eleazar López Contreras	\N	\N
1053	451	Campo Lara	\N	\N
1054	452	Bartolomé de las Casas	\N	\N
1055	452	Libertad	\N	\N
1056	452	Río Negro	\N	\N
1057	452	San José de Perijá	\N	\N
1058	453	San Rafael	\N	\N
1059	453	La Sierrita	\N	\N
1060	453	Las Parcelas	\N	\N
1061	453	Luis de Vicente	\N	\N
1062	453	Monseñor Marcos Sergio Godoy	\N	\N
1063	453	Ricaurte	\N	\N
1064	453	Tamare	\N	\N
1065	454	Antonio Borjas Romero	\N	\N
1066	454	Bolívar	\N	\N
1067	454	Cacique Mara	\N	\N
1068	454	Carracciolo Parra Pérez	\N	\N
1069	454	Cecilio Acosta	\N	\N
1070	454	Cristo de Aranza	\N	\N
1071	454	Coquivacoa	\N	\N
1072	454	Chiquinquirá	\N	\N
1073	454	Francisco Eugenio Bustamante	\N	\N
1074	454	Idelfonzo Vásquez	\N	\N
1075	454	Juana de Ávila	\N	\N
1076	454	Luis Hurtado Higuera	\N	\N
1077	454	Manuel Dagnino	\N	\N
1078	454	Olegario Villalobos	\N	\N
1079	454	Raúl Leoni	\N	\N
1080	454	Santa Lucía	\N	\N
1081	454	Venancio Pulgar	\N	\N
1082	454	San Isidro	\N	\N
1083	455	Altagracia	\N	\N
1084	455	Faría	\N	\N
1085	455	Ana María Campos	\N	\N
1086	455	San Antonio	\N	\N
1087	455	San José	\N	\N
1088	456	Donaldo García	\N	\N
1089	456	El Rosario	\N	\N
1090	456	Sixto Zambrano	\N	\N
1091	457	San Francisco	\N	\N
1092	457	El Bajo	\N	\N
1093	457	Domitila Flores	\N	\N
1094	457	Francisco Ochoa	\N	\N
1095	457	Los Cortijos	\N	\N
1096	457	Marcial Hernández	\N	\N
1097	458	Santa Rita	\N	\N
1098	458	El Mene	\N	\N
1099	458	Pedro Lucas Urribarrí	\N	\N
1100	458	José Cenobio Urribarrí	\N	\N
1101	459	Rafael Maria Baralt	\N	\N
1102	459	Manuel Manrique	\N	\N
1103	459	Rafael Urdaneta	\N	\N
1104	460	Bobures	\N	\N
1105	460	Gibraltar	\N	\N
1106	460	Heras	\N	\N
1107	460	Monseñor Arturo Álvarez	\N	\N
1108	460	Rómulo Gallegos	\N	\N
1109	460	El Batey	\N	\N
1110	461	Rafael Urdaneta	\N	\N
1111	461	La Victoria	\N	\N
1112	461	Raúl Cuenca	\N	\N
1113	447	Sinamaica	\N	\N
1114	447	Alta Guajira	\N	\N
1115	447	Elías Sánchez Rubio	\N	\N
1116	447	Guajira	\N	\N
1117	462	Altagracia	\N	\N
1118	462	Antímano	\N	\N
1119	462	Caricuao	\N	\N
1120	462	Catedral	\N	\N
1121	462	Coche	\N	\N
1122	462	El Junquito	\N	\N
1123	462	El Paraíso	\N	\N
1124	462	El Recreo	\N	\N
1125	462	El Valle	\N	\N
1126	462	La Candelaria	\N	\N
1127	462	La Pastora	\N	\N
1128	462	La Vega	\N	\N
1129	462	Macarao	\N	\N
1130	462	San Agustín	\N	\N
1131	462	San Bernardino	\N	\N
1132	462	San José	\N	\N
1133	462	San Juan	\N	\N
1134	462	San Pedro	\N	\N
1135	462	Santa Rosalía	\N	\N
1136	462	Santa Teresa	\N	\N
1137	462	Sucre (Catia)	\N	\N
1138	462	23 de enero	\N	\N
\.


--
-- Data for Name: password_resets; Type: TABLE DATA; Schema: public; Owner: postgres
--

COPY public.password_resets (email, token, created_at) FROM stdin;
\.


--
-- Data for Name: permissions; Type: TABLE DATA; Schema: public; Owner: postgres
--

COPY public.permissions (id, name, guard_name, created_at, updated_at) FROM stdin;
1	ver-users	web	2022-08-24 16:19:44	2022-08-24 16:19:44
2	crear-users	web	2022-08-24 16:19:44	2022-08-24 16:19:44
3	editar-users	web	2022-08-24 16:19:44	2022-08-24 16:19:44
4	borrar-users	web	2022-08-24 16:19:44	2022-08-24 16:19:44
5	ver-roles	web	2022-08-24 16:19:44	2022-08-24 16:19:44
6	crear-roles	web	2022-08-24 16:19:44	2022-08-24 16:19:44
7	editar-roles	web	2022-08-24 16:19:44	2022-08-24 16:19:44
8	borrar-roles	web	2022-08-24 16:19:44	2022-08-24 16:19:44
9	ver-acueductos	web	2022-08-24 16:19:44	2022-08-24 16:19:44
10	crear-Acueductos	web	2022-08-24 16:19:44	2022-08-24 16:19:44
11	editar-Acueductos	web	2022-08-24 16:19:44	2022-08-24 16:19:44
12	borrar-Acueductos	web	2022-08-24 16:19:44	2022-08-24 16:19:44
13	ver-diquetoma	web	2022-08-24 16:19:44	2022-08-24 16:19:44
14	crear-diquetoma	web	2022-08-24 16:19:44	2022-08-24 16:19:44
15	editar-diquetoma	web	2022-08-24 16:19:44	2022-08-24 16:19:44
16	borrar-diquetoma	web	2022-08-24 16:19:44	2022-08-24 16:19:44
17	ver-pozoprofundo	web	2022-08-24 16:19:44	2022-08-24 16:19:44
18	crear-pozoprofundo	web	2022-08-24 16:19:44	2022-08-24 16:19:44
19	editar-pozoprofundo	web	2022-08-24 16:19:44	2022-08-24 16:19:44
20	borrar-pozoprofundo	web	2022-08-24 16:19:44	2022-08-24 16:19:44
21	ver-embalses	web	2022-08-24 16:19:44	2022-08-24 16:19:44
22	crear-embalses	web	2022-08-24 16:19:44	2022-08-24 16:19:44
23	editar-embalses	web	2022-08-24 16:19:44	2022-08-24 16:19:44
24	borrar-embalses	web	2022-08-24 16:19:44	2022-08-24 16:19:44
25	ver-tomaRios	web	2022-08-24 16:19:45	2022-08-24 16:19:45
26	crear-tomaRios	web	2022-08-24 16:19:45	2022-08-24 16:19:45
27	editar-tomaRios	web	2022-08-24 16:19:45	2022-08-24 16:19:45
28	borrar-tomaRios	web	2022-08-24 16:19:45	2022-08-24 16:19:45
29	ver-captacion	web	2022-08-24 16:19:45	2022-08-24 16:19:45
30	crear-captacion	web	2022-08-24 16:19:45	2022-08-24 16:19:45
31	editar-captacion	web	2022-08-24 16:19:45	2022-08-24 16:19:45
32	borrar-captacion	web	2022-08-24 16:19:45	2022-08-24 16:19:45
33	ver-tomaAgua	web	2022-08-24 16:19:45	2022-08-24 16:19:45
34	crear-tomaAgua	web	2022-08-24 16:19:45	2022-08-24 16:19:45
35	editar-tomaAgua	web	2022-08-24 16:19:45	2022-08-24 16:19:45
36	borrar-tomaAgua	web	2022-08-24 16:19:45	2022-08-24 16:19:45
37	ver-sistema	web	2022-08-24 16:19:45	2022-08-24 16:19:45
38	crear-sistema	web	2022-08-24 16:19:45	2022-08-24 16:19:45
39	editar-sistema	web	2022-08-24 16:19:45	2022-08-24 16:19:45
40	borrar-sistema	web	2022-08-24 16:19:45	2022-08-24 16:19:45
41	ver-tipofuente	web	2022-08-24 16:19:45	2022-08-24 16:19:45
42	crear-tipofuente	web	2022-08-24 16:19:45	2022-08-24 16:19:45
43	editar-tipofuente	web	2022-08-24 16:19:45	2022-08-24 16:19:45
44	borrar-tipofuente	web	2022-08-24 16:19:45	2022-08-24 16:19:45
45	ver-infraestructura	web	2022-08-24 16:19:45	2022-08-24 16:19:45
46	crear-infraestructura	web	2022-08-24 16:19:45	2022-08-24 16:19:45
47	editar-infraestructura	web	2022-08-24 16:19:45	2022-08-24 16:19:45
48	borrar-infraestructura	web	2022-08-24 16:19:45	2022-08-24 16:19:45
49	ver-manifold	web	2022-08-24 16:19:46	2022-08-24 16:19:46
50	crear-manifold	web	2022-08-24 16:19:46	2022-08-24 16:19:46
51	editar-manifold	web	2022-08-24 16:19:46	2022-08-24 16:19:46
52	borrar-manifold	web	2022-08-24 16:19:46	2022-08-24 16:19:46
53	ver-valvulas	web	2022-08-24 16:19:46	2022-08-24 16:19:46
54	crear-valvulas	web	2022-08-24 16:19:46	2022-08-24 16:19:46
55	editar-valvulas	web	2022-08-24 16:19:46	2022-08-24 16:19:46
56	borrar-valvulas	web	2022-08-24 16:19:46	2022-08-24 16:19:46
57	ver-dtecnicos	web	2022-08-24 16:19:46	2022-08-24 16:19:46
58	crear-dtecnicos	web	2022-08-24 16:19:46	2022-08-24 16:19:46
59	editar-dtecnicos	web	2022-08-24 16:19:46	2022-08-24 16:19:46
60	borrar-dtecnicos	web	2022-08-24 16:19:46	2022-08-24 16:19:46
61	ver-bombeo	web	2022-08-24 16:19:46	2022-08-24 16:19:46
62	crear-bombeo	web	2022-08-24 16:19:46	2022-08-24 16:19:46
63	editar-bombeo	web	2022-08-24 16:19:46	2022-08-24 16:19:46
64	borrar-bombeo	web	2022-08-24 16:19:46	2022-08-24 16:19:46
\.


--
-- Data for Name: personal_access_tokens; Type: TABLE DATA; Schema: public; Owner: postgres
--

COPY public.personal_access_tokens (id, tokenable_type, tokenable_id, name, token, abilities, last_used_at, created_at, updated_at) FROM stdin;
\.


--
-- Data for Name: planes; Type: TABLE DATA; Schema: public; Owner: postgres
--

COPY public.planes (id, fecha, id_acueducto, id_semana, id_tipo_plan, facturacion, nombre_plan, id_datos_plan, deleted_at, created_at, updated_at) FROM stdin;
\.


--
-- Data for Name: plantas; Type: TABLE DATA; Schema: public; Owner: postgres
--

COPY public.plantas (id, nombre, "caudal_diseño", id_tipo_planta, id_infraestructura, deleted_at, created_at, updated_at) FROM stdin;
\.


--
-- Data for Name: pozo_profundo; Type: TABLE DATA; Schema: public; Owner: postgres
--

COPY public.pozo_profundo (id, reg, nombre, caudal_diseno, id_infraestructura, deleted_at, created_at, updated_at) FROM stdin;
\.


--
-- Data for Name: proceso_hidrico; Type: TABLE DATA; Schema: public; Owner: postgres
--

COPY public.proceso_hidrico (id, descripcion_proceso, deleted_at, created_at, updated_at) FROM stdin;
1	CAPTACIÓN	\N	\N	\N
2	CONDUCCIÓN	\N	\N	\N
3	POTABILIZACIÓN	\N	\N	\N
4	DISTRIBUCIÓN	\N	\N	\N
\.


--
-- Data for Name: reportes_averias; Type: TABLE DATA; Schema: public; Owner: postgres
--

COPY public.reportes_averias (id, fecha, id_tipo_reporte, id_acueducto, nombre_cliente_reporta, telefono, "1x10", direccion, numero_servicio, descripcion_averia, id_coordenadas, deleted_at, created_at, updated_at) FROM stdin;
\.


--
-- Data for Name: role_has_permissions; Type: TABLE DATA; Schema: public; Owner: postgres
--

COPY public.role_has_permissions (permission_id, role_id) FROM stdin;
1	1
2	1
3	1
4	1
5	1
6	1
7	1
8	1
9	1
10	1
11	1
12	1
13	1
14	1
15	1
16	1
17	1
18	1
19	1
20	1
21	1
22	1
23	1
24	1
25	1
26	1
27	1
28	1
29	1
30	1
31	1
32	1
33	1
34	1
35	1
36	1
37	1
38	1
39	1
40	1
41	1
42	1
43	1
44	1
45	1
46	1
47	1
48	1
49	1
50	1
51	1
52	1
53	1
54	1
55	1
56	1
57	1
58	1
59	1
60	1
61	1
62	1
63	1
64	1
1	2
2	2
3	2
4	2
5	2
6	2
7	2
8	2
9	2
10	2
11	2
12	2
13	2
14	2
15	2
16	2
17	2
18	2
19	2
20	2
21	2
22	2
23	2
24	2
25	2
26	2
27	2
28	2
29	2
30	2
31	2
32	2
33	2
34	2
35	2
36	2
37	2
38	2
39	2
40	2
41	2
42	2
43	2
44	2
45	2
46	2
47	2
48	2
49	2
50	2
51	2
52	2
53	2
54	2
55	2
56	2
57	2
58	2
59	2
60	2
61	2
62	2
63	2
64	2
\.


--
-- Data for Name: roles; Type: TABLE DATA; Schema: public; Owner: postgres
--

COPY public.roles (id, name, guard_name, created_at, updated_at) FROM stdin;
1	Administrador	web	2022-08-24 16:19:46	2022-08-24 16:19:46
2	Supervisor	web	2022-08-24 16:19:46	2022-08-24 16:19:46
3	Observador	web	2022-08-24 16:19:46	2022-08-24 16:19:46
4	Usuario	web	2022-08-24 16:19:46	2022-08-24 16:19:46
\.


--
-- Data for Name: sectores; Type: TABLE DATA; Schema: public; Owner: postgres
--

COPY public.sectores (id, sector, id_parroquia, deleted_at, created_at, updated_at) FROM stdin;
1	PROBANDO	1	\N	\N	\N
\.


--
-- Data for Name: seguimiento; Type: TABLE DATA; Schema: public; Owner: postgres
--

COPY public.seguimiento (id_seguimiento, cod_reporte, cod_material_tuberia, cod_tipo_red, cod_causa_posible, fecha_inicio, fecha_fin, id_estatu, pendiente_bacheo, tiene_valla, actividades_realizadas, cuadrilla, id_direccion, ubicacion, cod_elemento_falla, diametro, profundidad, descarga, hueco, profundidad_hueco, ancho, largo) FROM stdin;
\.


--
-- Data for Name: seguimiento_materiales; Type: TABLE DATA; Schema: public; Owner: postgres
--

COPY public.seguimiento_materiales (id_seguimiento, material, cantidad, orden_almacen, id_seg_material) FROM stdin;
\.


--
-- Data for Name: semanas; Type: TABLE DATA; Schema: public; Owner: postgres
--

COPY public.semanas (id, semanas, deleted_at, created_at, updated_at) FROM stdin;
\.


--
-- Data for Name: sino; Type: TABLE DATA; Schema: public; Owner: postgres
--

COPY public.sino (id, descripcion) FROM stdin;
1	SI
2	NO
\.


--
-- Data for Name: sistemas; Type: TABLE DATA; Schema: public; Owner: postgres
--

COPY public.sistemas (id, sistemas, deleted_at, created_at, updated_at, id_proceso) FROM stdin;
1	EMBALSE	\N	\N	\N	1
2	DIQUE TOMA	\N	\N	\N	1
3	POZO PROFUNDO	\N	\N	\N	1
4	TOMA RIO	\N	\N	\N	1
9	ESTACION DE BOMBEO	\N	\N	\N	2
6	PLANTAS DESZANILIZADORAS	\N	\N	\N	3
7	PLANTAS POTABILIZADORAS	\N	\N	\N	3
8	PLANTAS PORTÁTILES	\N	\N	\N	3
5	PLANTAS DE FILTRACIÓN	\N	\N	\N	3
\.


--
-- Data for Name: tableros; Type: TABLE DATA; Schema: public; Owner: postgres
--

COPY public.tableros (id, ancho, alto, profundidad, aislante, capacidad, id_equipo, id_tipo_tension, deleted_at, created_at, updated_at) FROM stdin;
1	123.00	1233.00	123.00	123.00	123.00	4	1	\N	\N	2022-10-11 14:58:23
\.


--
-- Data for Name: tiempo_ejecucion; Type: TABLE DATA; Schema: public; Owner: postgres
--

COPY public.tiempo_ejecucion (id, tiempo_ejecucion, deleted_at, created_at, updated_at) FROM stdin;
\.


--
-- Data for Name: tipo_accion_realizar_obras; Type: TABLE DATA; Schema: public; Owner: postgres
--

COPY public.tipo_accion_realizar_obras (id, tipo_accion_realizar_obras, deleted_at, created_at, updated_at) FROM stdin;
\.


--
-- Data for Name: tipo_accionamiento_valvula; Type: TABLE DATA; Schema: public; Owner: postgres
--

COPY public.tipo_accionamiento_valvula (id, tipo_accionamiento, deleted_at, created_at, updated_at) FROM stdin;
1	MANUAL	\N	\N	\N
2	ELECTRÓNICA	\N	\N	\N
3	MOTORIZADA	\N	\N	\N
4	NEUMÁTICA	\N	\N	\N
5	HIDRÁULICA	\N	\N	\N
\.


--
-- Data for Name: tipo_arranque; Type: TABLE DATA; Schema: public; Owner: postgres
--

COPY public.tipo_arranque (id, tipo_arranque, deleted_at, created_at, updated_at) FROM stdin;
1	MECÁNICO	\N	\N	\N
2	ELÉCTRICO	\N	\N	\N
3	DIRECTO	\N	\N	\N
\.


--
-- Data for Name: tipo_caracteristicas_accion_obras; Type: TABLE DATA; Schema: public; Owner: postgres
--

COPY public.tipo_caracteristicas_accion_obras (id, caracteristicas_accion_obras, deleted_at, created_at, updated_at) FROM stdin;
\.


--
-- Data for Name: tipo_ejecucion; Type: TABLE DATA; Schema: public; Owner: postgres
--

COPY public.tipo_ejecucion (id, tipo_ejecucion, deleted_at, created_at, updated_at) FROM stdin;
\.


--
-- Data for Name: tipo_equipo; Type: TABLE DATA; Schema: public; Owner: postgres
--

COPY public.tipo_equipo (id, tipo_equipo, created_at, updated_at, deleted_at) FROM stdin;
1	Bomba	\N	\N	\N
2	Manifold	\N	\N	\N
3	Motor	\N	\N	\N
4	Tablero	\N	\N	\N
6	Válvula	\N	\N	\N
5	Tubería	\N	\N	\N
\.


--
-- Data for Name: tipo_estacion_bombeo; Type: TABLE DATA; Schema: public; Owner: postgres
--

COPY public.tipo_estacion_bombeo (id, tipo_estacion_bombeo, deleted_at, created_at, updated_at) FROM stdin;
1	CONDUCCIÓN	\N	\N	\N
\.


--
-- Data for Name: tipo_estrategia; Type: TABLE DATA; Schema: public; Owner: postgres
--

COPY public.tipo_estrategia (id, tipo_estrategia, deleted_at, created_at, updated_at) FROM stdin;
\.


--
-- Data for Name: tipo_funciones; Type: TABLE DATA; Schema: public; Owner: postgres
--

COPY public.tipo_funciones (id, tipo_funcion, deleted_at, created_at, updated_at) FROM stdin;
\.


--
-- Data for Name: tipo_interruptor; Type: TABLE DATA; Schema: public; Owner: postgres
--

COPY public.tipo_interruptor (id, tipo_interruptor, deleted_at, created_at, updated_at) FROM stdin;
1	MODERNO	\N	\N	\N
2	ANTIGUO	\N	\N	\N
\.


--
-- Data for Name: tipo_manifold; Type: TABLE DATA; Schema: public; Owner: postgres
--

COPY public.tipo_manifold (id, tipo_manifold) FROM stdin;
1	SPIDER
\.


--
-- Data for Name: tipo_material; Type: TABLE DATA; Schema: public; Owner: postgres
--

COPY public.tipo_material (id, tipo_material, deleted_at, created_at, updated_at) FROM stdin;
1	Hierro	\N	\N	\N
2	Pástico	\N	\N	\N
3	Concreto	\N	\N	\N
4	Cobre	\N	\N	\N
5	Hormigón	\N	\N	\N
\.


--
-- Data for Name: tipo_motor; Type: TABLE DATA; Schema: public; Owner: postgres
--

COPY public.tipo_motor (id, tipo_motor, created_at, updated_at) FROM stdin;
1	MONOFASICO	\N	\N
2	BIFASICO	\N	\N
3	TRIFASICO	\N	\N
\.


--
-- Data for Name: tipo_organizaciones_populares; Type: TABLE DATA; Schema: public; Owner: postgres
--

COPY public.tipo_organizaciones_populares (id, tipo_organizacion_popular, deleted_at, created_at, updated_at) FROM stdin;
\.


--
-- Data for Name: tipo_plan; Type: TABLE DATA; Schema: public; Owner: postgres
--

COPY public.tipo_plan (id, tipo_plan, deleted_at, created_at, updated_at) FROM stdin;
\.


--
-- Data for Name: tipo_planta; Type: TABLE DATA; Schema: public; Owner: postgres
--

COPY public.tipo_planta (id, tipo_planta, deleted_at, created_at, updated_at) FROM stdin;
\.


--
-- Data for Name: tipo_proceso_hidrico; Type: TABLE DATA; Schema: public; Owner: postgres
--

COPY public.tipo_proceso_hidrico (id, tipo_proceso_hidrico, deleted_at, created_at, updated_at) FROM stdin;
\.


--
-- Data for Name: tipo_proyecto; Type: TABLE DATA; Schema: public; Owner: postgres
--

COPY public.tipo_proyecto (id, tipo_proyecto, deleted_at, created_at, updated_at) FROM stdin;
\.


--
-- Data for Name: tipo_red; Type: TABLE DATA; Schema: public; Owner: postgres
--

COPY public.tipo_red (id, descripcion_red) FROM stdin;
1	RED MATRIZ
2	ACOMETIDA
\.


--
-- Data for Name: tipo_reportes_averias; Type: TABLE DATA; Schema: public; Owner: postgres
--

COPY public.tipo_reportes_averias (id, tipo_reporte, deleted_at, created_at, updated_at) FROM stdin;
\.


--
-- Data for Name: tipo_servicio_estacion_bombeo; Type: TABLE DATA; Schema: public; Owner: postgres
--

COPY public.tipo_servicio_estacion_bombeo (id, tipo_servicio_estacion_bombeo, deleted_at, created_at, updated_at) FROM stdin;
1	DISTRIBUCIÓN	\N	\N	\N
\.


--
-- Data for Name: tipo_tension_tablero; Type: TABLE DATA; Schema: public; Owner: postgres
--

COPY public.tipo_tension_tablero (id, tipo_tension_tablero, deleted_at, created_at, updated_at) FROM stdin;
1	ALTA	\N	\N	\N
2	MEDIA	\N	\N	\N
3	BAJA	\N	\N	\N
\.


--
-- Data for Name: tipo_tuberia; Type: TABLE DATA; Schema: public; Owner: postgres
--

COPY public.tipo_tuberia (id, tipo_tuberia, deleted_at, created_at, updated_at) FROM stdin;
1	Tubería de Hierro	\N	\N	\N
2	Tubería de Acero Inoxidable	\N	\N	\N
3	Tubería Polietileno Reticulado	\N	\N	\N
4	Tubería de cobre	\N	\N	\N
5	Tubería PVC	\N	\N	\N
6	Tubería de PB	\N	\N	\N
7	Tubería de Polipropileno	\N	\N	\N
8	Tubería Multicapa	\N	\N	\N
\.


--
-- Data for Name: tipo_valvulas; Type: TABLE DATA; Schema: public; Owner: postgres
--

COPY public.tipo_valvulas (id, tipo_valvula, deleted_at, created_at, updated_at) FROM stdin;
1	CONTROL (REGULADORA DE CAUDAL)	\N	\N	\N
2	CONTROL (REGULADORA DE PRESIÓN)	\N	\N	\N
3	CONTROL (ROMPE CARGA)	\N	\N	\N
4	CONTROL (SOSTENEDORA)	\N	\N	\N
5	DE PASO (CHECK)	\N	\N	\N
6	DE PASO (COMPUERTA V/F)	\N	\N	\N
7	DE PASO (COMPUERTA V/A)	\N	\N	\N
8	DE PASO (COMPUERTA D/O)	\N	\N	\N
9	DE PASO (CUCHILLA CIRCULAR)	\N	\N	\N
10	DE PASO (CUCHILLA CUADRADA)	\N	\N	\N
11	DE PASO (CUCHILLA RECTAGULA)	\N	\N	\N
12	DE PASO (ESFERA)	\N	\N	\N
13	DE PASO (GLOBO)	\N	\N	\N
14	DE PASO (MARIPOSA)	\N	\N	\N
15	VENTOSA (ADMISIÓN Y EXPULSIÓN)	\N	\N	\N
16	VENTOSA (ADMISIÓN)	\N	\N	\N
17	VENTOSA (EXPULSIÓN)	\N	\N	\N
\.


--
-- Data for Name: tipo_via; Type: TABLE DATA; Schema: public; Owner: postgres
--

COPY public.tipo_via (id, descrip_via, tipo_via) FROM stdin;
1	Pje.	Tv001
2	Av.	Tv002
3	Cll.	Tv003
4	Carrt.	Tv004
5	Vrda.	Tv005
6	Cjon.	Tv006
7	Trans.	Tv007
8	Ppal.	Tv008
9	Cmno.	Tv009
10	Ramal.	Tv010
11	Cllsrv.	Tv011
12	Mzna.	Tv012
13	Prol.	Tv013
14	Blvd.	Tv014
15	Esc.	Tv015
16	Autop.	Tv016
17	Circunv.	Tv017
18	Parc.	Tv018
\.


--
-- Data for Name: toma_rio; Type: TABLE DATA; Schema: public; Owner: postgres
--

COPY public.toma_rio (id, nombre, id_infraestructura, deleted_at, created_at, updated_at) FROM stdin;
\.


--
-- Data for Name: tuberias; Type: TABLE DATA; Schema: public; Owner: postgres
--

COPY public.tuberias (id, diametro, norma, grado, espesor, longitud, sdr, pn, rde, id_tipo_tuberia, id_tipo_material, id_equipo, deleted_at, created_at, updated_at) FROM stdin;
1	123.00	iso	123	123.00	123.00	123.00	123.00	123.00	1	1	5	\N	\N	\N
\.


--
-- Data for Name: ubicacion_geografica; Type: TABLE DATA; Schema: public; Owner: postgres
--

COPY public.ubicacion_geografica (id, id_estado, id_municipio, id_parroquia, id_sector, coordenadas_utm_a, coordenadas_utm_b, deleted_at, created_at, updated_at) FROM stdin;
15	1	1	1	1	-58.8	-96.4	\N	\N	\N
16	1	1	1	1	-58.8	-96.4	\N	\N	\N
17	1	1	1	1	-58.8	-96.4	\N	\N	\N
18	1	1	1	1	-58.8	-96.4	\N	\N	\N
19	1	1	1	1	-58.8	-96.4	\N	\N	\N
20	1	1	1	1	877	825	\N	\N	\N
21	1	1	1	1	877	825	\N	\N	\N
22	1	1	1	1	877	825	\N	\N	\N
23	1	1	1	1	877	825	\N	\N	\N
24	1	1	1	1	99	88	\N	\N	\N
25	1	1	1	1	99	88	\N	\N	\N
26	1	1	1	1	47	45	\N	\N	2022-09-23 09:55:17
28	1	1	1	1	36	84	\N	\N	\N
29	1	1	1	1	36	84	\N	\N	2022-09-29 16:18:27
30	1	1	1	1	12	24	\N	\N	\N
31	1	1	1	1	10	10	\N	\N	\N
32	1	1	1	1	345	123	\N	\N	\N
33	1	1	1	1	500	400	\N	\N	2022-10-03 09:54:42
\.


--
-- Data for Name: users; Type: TABLE DATA; Schema: public; Owner: postgres
--

COPY public.users (id, name, dni, email, email_verified_at, password, remember_token, deleted_at, created_at, updated_at) FROM stdin;
1	SuperAdmin	12345678	admin@admin.com	\N	$2y$10$vh6DQKI./N7nyqYHzliLWejbJ3O8M0JziIiXRpY8/gCkIGGjcXsJO	\N	\N	2022-08-24 16:19:48	2022-08-24 16:19:48
2	SuperAdmin2	123456789	admin2@admin.com	\N	$2y$10$eofQV48.EDUSikkOUh7NBuO2DAiZTOBvBoy6eJ27gT6/8b/4ub6o2	\N	\N	2022-08-24 16:19:48	2022-08-24 16:19:48
3	Administrador	1234567	admin3@admin.com	\N	$2y$10$fagY8aPnxUQhe3QcNozSd.VfWz.20f3NYaE/bZzVi3ijYh6hidJGe	\N	\N	2022-08-24 16:19:48	2022-08-24 16:19:48
\.


--
-- Data for Name: valvulas; Type: TABLE DATA; Schema: public; Owner: postgres
--

COPY public.valvulas (id, diametro, presion_nominal, id_tipo_valvula, accionamiento, fc, id_equipo, deleted_at, created_at, updated_at) FROM stdin;
1	123.00	123.00	1	1	123.00	6	\N	\N	\N
\.


--
-- Name: acciones_obras_id_seq; Type: SEQUENCE SET; Schema: public; Owner: postgres
--

SELECT pg_catalog.setval('public.acciones_obras_id_seq', 1, false);


--
-- Name: acciones_planes_id_seq; Type: SEQUENCE SET; Schema: public; Owner: postgres
--

SELECT pg_catalog.setval('public.acciones_planes_id_seq', 1, false);


--
-- Name: acueductos_id_seq; Type: SEQUENCE SET; Schema: public; Owner: postgres
--

SELECT pg_catalog.setval('public.acueductos_id_seq', 3, true);


--
-- Name: asignacion_grupos_id_seq; Type: SEQUENCE SET; Schema: public; Owner: postgres
--

SELECT pg_catalog.setval('public.asignacion_grupos_id_seq', 1, true);


--
-- Name: audits_id_seq; Type: SEQUENCE SET; Schema: public; Owner: postgres
--

SELECT pg_catalog.setval('public.audits_id_seq', 1, true);


--
-- Name: bombas_id_seq; Type: SEQUENCE SET; Schema: public; Owner: postgres
--

SELECT pg_catalog.setval('public.bombas_id_seq', 1, true);


--
-- Name: c_embalses_id_seq; Type: SEQUENCE SET; Schema: public; Owner: postgres
--

SELECT pg_catalog.setval('public.c_embalses_id_seq', 1, false);


--
-- Name: causa_posible_id_seq; Type: SEQUENCE SET; Schema: public; Owner: postgres
--

SELECT pg_catalog.setval('public.causa_posible_id_seq', 11, true);


--
-- Name: ciudades_id_seq; Type: SEQUENCE SET; Schema: public; Owner: postgres
--

SELECT pg_catalog.setval('public.ciudades_id_seq', 1, false);


--
-- Name: datos_planes_id_seq; Type: SEQUENCE SET; Schema: public; Owner: postgres
--

SELECT pg_catalog.setval('public.datos_planes_id_seq', 1, false);


--
-- Name: datos_tuberia_id_seq; Type: SEQUENCE SET; Schema: public; Owner: postgres
--

SELECT pg_catalog.setval('public.datos_tuberia_id_seq', 6, true);


--
-- Name: detalles_tecnicos_estacion_bombeo_id_seq; Type: SEQUENCE SET; Schema: public; Owner: postgres
--

SELECT pg_catalog.setval('public.detalles_tecnicos_estacion_bombeo_id_seq', 1, false);


--
-- Name: dique_tomas_id_seq; Type: SEQUENCE SET; Schema: public; Owner: postgres
--

SELECT pg_catalog.setval('public.dique_tomas_id_seq', 1, false);


--
-- Name: diseno_bomba_id_seq; Type: SEQUENCE SET; Schema: public; Owner: postgres
--

SELECT pg_catalog.setval('public.diseno_bomba_id_seq', 1, false);


--
-- Name: elemento_falla_id_seq; Type: SEQUENCE SET; Schema: public; Owner: postgres
--

SELECT pg_catalog.setval('public.elemento_falla_id_seq', 7, true);


--
-- Name: embalses_id_seq; Type: SEQUENCE SET; Schema: public; Owner: postgres
--

SELECT pg_catalog.setval('public.embalses_id_seq', 1, false);


--
-- Name: equipos_id_seq; Type: SEQUENCE SET; Schema: public; Owner: postgres
--

SELECT pg_catalog.setval('public.equipos_id_seq', 6, true);


--
-- Name: estacion_bombeo_id_seq; Type: SEQUENCE SET; Schema: public; Owner: postgres
--

SELECT pg_catalog.setval('public.estacion_bombeo_id_seq', 1, false);


--
-- Name: estados_id_seq; Type: SEQUENCE SET; Schema: public; Owner: postgres
--

SELECT pg_catalog.setval('public.estados_id_seq', 1, false);


--
-- Name: estatus_id_seq; Type: SEQUENCE SET; Schema: public; Owner: postgres
--

SELECT pg_catalog.setval('public.estatus_id_seq', 5, true);


--
-- Name: fabricante_id_seq; Type: SEQUENCE SET; Schema: public; Owner: postgres
--

SELECT pg_catalog.setval('public.fabricante_id_seq', 9, true);


--
-- Name: failed_jobs_id_seq; Type: SEQUENCE SET; Schema: public; Owner: postgres
--

SELECT pg_catalog.setval('public.failed_jobs_id_seq', 1, false);


--
-- Name: infraestructura_id_seq; Type: SEQUENCE SET; Schema: public; Owner: postgres
--

SELECT pg_catalog.setval('public.infraestructura_id_seq', 10, true);


--
-- Name: manifold_id_seq; Type: SEQUENCE SET; Schema: public; Owner: postgres
--

SELECT pg_catalog.setval('public.manifold_id_seq', 1, true);


--
-- Name: miembros_organizacion_id_seq; Type: SEQUENCE SET; Schema: public; Owner: postgres
--

SELECT pg_catalog.setval('public.miembros_organizacion_id_seq', 1, false);


--
-- Name: migrations_id_seq; Type: SEQUENCE SET; Schema: public; Owner: postgres
--

SELECT pg_catalog.setval('public.migrations_id_seq', 56, true);


--
-- Name: motores_id_seq; Type: SEQUENCE SET; Schema: public; Owner: postgres
--

SELECT pg_catalog.setval('public.motores_id_seq', 1, true);


--
-- Name: municipios_id_seq; Type: SEQUENCE SET; Schema: public; Owner: postgres
--

SELECT pg_catalog.setval('public.municipios_id_seq', 1, false);


--
-- Name: obras_id_seq; Type: SEQUENCE SET; Schema: public; Owner: postgres
--

SELECT pg_catalog.setval('public.obras_id_seq', 1, false);


--
-- Name: operatividad_id_seq; Type: SEQUENCE SET; Schema: public; Owner: postgres
--

SELECT pg_catalog.setval('public.operatividad_id_seq', 2, true);


--
-- Name: organizaciones_populares_id_seq; Type: SEQUENCE SET; Schema: public; Owner: postgres
--

SELECT pg_catalog.setval('public.organizaciones_populares_id_seq', 1, false);


--
-- Name: parroquias_id_seq; Type: SEQUENCE SET; Schema: public; Owner: postgres
--

SELECT pg_catalog.setval('public.parroquias_id_seq', 1, false);


--
-- Name: permissions_id_seq; Type: SEQUENCE SET; Schema: public; Owner: postgres
--

SELECT pg_catalog.setval('public.permissions_id_seq', 64, true);


--
-- Name: personal_access_tokens_id_seq; Type: SEQUENCE SET; Schema: public; Owner: postgres
--

SELECT pg_catalog.setval('public.personal_access_tokens_id_seq', 1, false);


--
-- Name: planes_id_seq; Type: SEQUENCE SET; Schema: public; Owner: postgres
--

SELECT pg_catalog.setval('public.planes_id_seq', 1, false);


--
-- Name: plantas_id_seq; Type: SEQUENCE SET; Schema: public; Owner: postgres
--

SELECT pg_catalog.setval('public.plantas_id_seq', 1, false);


--
-- Name: pozo_profundos_id_seq; Type: SEQUENCE SET; Schema: public; Owner: postgres
--

SELECT pg_catalog.setval('public.pozo_profundos_id_seq', 1, false);


--
-- Name: reportes_averias_id_seq; Type: SEQUENCE SET; Schema: public; Owner: postgres
--

SELECT pg_catalog.setval('public.reportes_averias_id_seq', 1, false);


--
-- Name: roles_id_seq; Type: SEQUENCE SET; Schema: public; Owner: postgres
--

SELECT pg_catalog.setval('public.roles_id_seq', 4, true);


--
-- Name: sectores_id_seq; Type: SEQUENCE SET; Schema: public; Owner: postgres
--

SELECT pg_catalog.setval('public.sectores_id_seq', 1, true);


--
-- Name: semanas_id_seq; Type: SEQUENCE SET; Schema: public; Owner: postgres
--

SELECT pg_catalog.setval('public.semanas_id_seq', 1, false);


--
-- Name: sino_id_seq; Type: SEQUENCE SET; Schema: public; Owner: postgres
--

SELECT pg_catalog.setval('public.sino_id_seq', 2, true);


--
-- Name: sistemas_id_seq; Type: SEQUENCE SET; Schema: public; Owner: postgres
--

SELECT pg_catalog.setval('public.sistemas_id_seq', 9, true);


--
-- Name: tableros_id_seq; Type: SEQUENCE SET; Schema: public; Owner: postgres
--

SELECT pg_catalog.setval('public.tableros_id_seq', 1, true);


--
-- Name: tiempo_ejecucion_id_seq; Type: SEQUENCE SET; Schema: public; Owner: postgres
--

SELECT pg_catalog.setval('public.tiempo_ejecucion_id_seq', 1, false);


--
-- Name: tipo_accion_realizar_obras_id_seq; Type: SEQUENCE SET; Schema: public; Owner: postgres
--

SELECT pg_catalog.setval('public.tipo_accion_realizar_obras_id_seq', 1, false);


--
-- Name: tipo_accionamiento_valvula_id_seq; Type: SEQUENCE SET; Schema: public; Owner: postgres
--

SELECT pg_catalog.setval('public.tipo_accionamiento_valvula_id_seq', 5, true);


--
-- Name: tipo_arranque_id_seq; Type: SEQUENCE SET; Schema: public; Owner: postgres
--

SELECT pg_catalog.setval('public.tipo_arranque_id_seq', 3, true);


--
-- Name: tipo_caracteristicas_accion_obras_id_seq; Type: SEQUENCE SET; Schema: public; Owner: postgres
--

SELECT pg_catalog.setval('public.tipo_caracteristicas_accion_obras_id_seq', 1, false);


--
-- Name: tipo_ejecucion_id_seq; Type: SEQUENCE SET; Schema: public; Owner: postgres
--

SELECT pg_catalog.setval('public.tipo_ejecucion_id_seq', 1, false);


--
-- Name: tipo_equipo_id_seq; Type: SEQUENCE SET; Schema: public; Owner: postgres
--

SELECT pg_catalog.setval('public.tipo_equipo_id_seq', 6, true);


--
-- Name: tipo_estacion_bombeo_id_seq; Type: SEQUENCE SET; Schema: public; Owner: postgres
--

SELECT pg_catalog.setval('public.tipo_estacion_bombeo_id_seq', 1, true);


--
-- Name: tipo_estrategia_id_seq; Type: SEQUENCE SET; Schema: public; Owner: postgres
--

SELECT pg_catalog.setval('public.tipo_estrategia_id_seq', 1, false);


--
-- Name: tipo_funciones_id_seq; Type: SEQUENCE SET; Schema: public; Owner: postgres
--

SELECT pg_catalog.setval('public.tipo_funciones_id_seq', 1, false);


--
-- Name: tipo_infraestructura_id_seq; Type: SEQUENCE SET; Schema: public; Owner: postgres
--

SELECT pg_catalog.setval('public.tipo_infraestructura_id_seq', 4, true);


--
-- Name: tipo_interruptor_id_seq; Type: SEQUENCE SET; Schema: public; Owner: postgres
--

SELECT pg_catalog.setval('public.tipo_interruptor_id_seq', 2, true);


--
-- Name: tipo_manifold_id_seq; Type: SEQUENCE SET; Schema: public; Owner: postgres
--

SELECT pg_catalog.setval('public.tipo_manifold_id_seq', 1, true);


--
-- Name: tipo_material_id_seq; Type: SEQUENCE SET; Schema: public; Owner: postgres
--

SELECT pg_catalog.setval('public.tipo_material_id_seq', 5, true);


--
-- Name: tipo_motor_id_seq; Type: SEQUENCE SET; Schema: public; Owner: postgres
--

SELECT pg_catalog.setval('public.tipo_motor_id_seq', 3, true);


--
-- Name: tipo_organizaciones_populares_id_seq; Type: SEQUENCE SET; Schema: public; Owner: postgres
--

SELECT pg_catalog.setval('public.tipo_organizaciones_populares_id_seq', 1, false);


--
-- Name: tipo_plan_id_seq; Type: SEQUENCE SET; Schema: public; Owner: postgres
--

SELECT pg_catalog.setval('public.tipo_plan_id_seq', 1, false);


--
-- Name: tipo_planta_id_seq; Type: SEQUENCE SET; Schema: public; Owner: postgres
--

SELECT pg_catalog.setval('public.tipo_planta_id_seq', 1, false);


--
-- Name: tipo_proceso_hidrico_id_seq; Type: SEQUENCE SET; Schema: public; Owner: postgres
--

SELECT pg_catalog.setval('public.tipo_proceso_hidrico_id_seq', 3, true);


--
-- Name: tipo_proyecto_id_seq; Type: SEQUENCE SET; Schema: public; Owner: postgres
--

SELECT pg_catalog.setval('public.tipo_proyecto_id_seq', 1, false);


--
-- Name: tipo_red_id_seq; Type: SEQUENCE SET; Schema: public; Owner: postgres
--

SELECT pg_catalog.setval('public.tipo_red_id_seq', 2, true);


--
-- Name: tipo_reportes_averias_id_seq; Type: SEQUENCE SET; Schema: public; Owner: postgres
--

SELECT pg_catalog.setval('public.tipo_reportes_averias_id_seq', 1, false);


--
-- Name: tipo_servicio_estacion_bombeo_id_seq; Type: SEQUENCE SET; Schema: public; Owner: postgres
--

SELECT pg_catalog.setval('public.tipo_servicio_estacion_bombeo_id_seq', 1, true);


--
-- Name: tipo_tension_tablero_id_seq; Type: SEQUENCE SET; Schema: public; Owner: postgres
--

SELECT pg_catalog.setval('public.tipo_tension_tablero_id_seq', 3, true);


--
-- Name: tipo_tuberia_id_seq; Type: SEQUENCE SET; Schema: public; Owner: postgres
--

SELECT pg_catalog.setval('public.tipo_tuberia_id_seq', 8, true);


--
-- Name: tipo_valvulas_id_seq; Type: SEQUENCE SET; Schema: public; Owner: postgres
--

SELECT pg_catalog.setval('public.tipo_valvulas_id_seq', 17, true);


--
-- Name: tipo_via_id_seq; Type: SEQUENCE SET; Schema: public; Owner: postgres
--

SELECT pg_catalog.setval('public.tipo_via_id_seq', 18, true);


--
-- Name: toma_rio_id_seq; Type: SEQUENCE SET; Schema: public; Owner: postgres
--

SELECT pg_catalog.setval('public.toma_rio_id_seq', 1, false);


--
-- Name: tuberias_id_seq; Type: SEQUENCE SET; Schema: public; Owner: postgres
--

SELECT pg_catalog.setval('public.tuberias_id_seq', 1, true);


--
-- Name: ubicacion_geografica_id_seq; Type: SEQUENCE SET; Schema: public; Owner: postgres
--

SELECT pg_catalog.setval('public.ubicacion_geografica_id_seq', 33, true);


--
-- Name: users_id_seq; Type: SEQUENCE SET; Schema: public; Owner: postgres
--

SELECT pg_catalog.setval('public.users_id_seq', 3, true);


--
-- Name: valvulas_id_seq; Type: SEQUENCE SET; Schema: public; Owner: postgres
--

SELECT pg_catalog.setval('public.valvulas_id_seq', 1, true);


--
-- Name: acciones_obras acciones_obras_pkey; Type: CONSTRAINT; Schema: public; Owner: postgres
--

ALTER TABLE ONLY public.acciones_obras
    ADD CONSTRAINT acciones_obras_pkey PRIMARY KEY (id);


--
-- Name: acciones_planes acciones_planes_pkey; Type: CONSTRAINT; Schema: public; Owner: postgres
--

ALTER TABLE ONLY public.acciones_planes
    ADD CONSTRAINT acciones_planes_pkey PRIMARY KEY (id);


--
-- Name: acueductos acueductos_pkey; Type: CONSTRAINT; Schema: public; Owner: postgres
--

ALTER TABLE ONLY public.acueductos
    ADD CONSTRAINT acueductos_pkey PRIMARY KEY (id);


--
-- Name: asignacion_grupos asignacion_grupos_pkey; Type: CONSTRAINT; Schema: public; Owner: postgres
--

ALTER TABLE ONLY public.asignacion_grupos
    ADD CONSTRAINT asignacion_grupos_pkey PRIMARY KEY (id);


--
-- Name: audits audits_pkey; Type: CONSTRAINT; Schema: public; Owner: postgres
--

ALTER TABLE ONLY public.audits
    ADD CONSTRAINT audits_pkey PRIMARY KEY (id);


--
-- Name: bombas bombas_pkey; Type: CONSTRAINT; Schema: public; Owner: postgres
--

ALTER TABLE ONLY public.bombas
    ADD CONSTRAINT bombas_pkey PRIMARY KEY (id);


--
-- Name: c_embalses c_embalses_pkey; Type: CONSTRAINT; Schema: public; Owner: postgres
--

ALTER TABLE ONLY public.c_embalses
    ADD CONSTRAINT c_embalses_pkey PRIMARY KEY (id);


--
-- Name: causa_posible causa_posible_pkey; Type: CONSTRAINT; Schema: public; Owner: postgres
--

ALTER TABLE ONLY public.causa_posible
    ADD CONSTRAINT causa_posible_pkey PRIMARY KEY (id);


--
-- Name: ciudades ciudades_pkey; Type: CONSTRAINT; Schema: public; Owner: postgres
--

ALTER TABLE ONLY public.ciudades
    ADD CONSTRAINT ciudades_pkey PRIMARY KEY (id);


--
-- Name: datos_planes datos_planes_pkey; Type: CONSTRAINT; Schema: public; Owner: postgres
--

ALTER TABLE ONLY public.datos_planes
    ADD CONSTRAINT datos_planes_pkey PRIMARY KEY (id);


--
-- Name: datos_tuberia datos_tuberia_pkey; Type: CONSTRAINT; Schema: public; Owner: postgres
--

ALTER TABLE ONLY public.datos_tuberia
    ADD CONSTRAINT datos_tuberia_pkey PRIMARY KEY (id);


--
-- Name: detalles_tecnicos_estacion_bombeo detalles_tecnicos_estacion_bombeo_pkey; Type: CONSTRAINT; Schema: public; Owner: postgres
--

ALTER TABLE ONLY public.detalles_tecnicos_estacion_bombeo
    ADD CONSTRAINT detalles_tecnicos_estacion_bombeo_pkey PRIMARY KEY (id);


--
-- Name: dique_toma dique_tomas_pkey; Type: CONSTRAINT; Schema: public; Owner: postgres
--

ALTER TABLE ONLY public.dique_toma
    ADD CONSTRAINT dique_tomas_pkey PRIMARY KEY (id);


--
-- Name: diseno_bomba diseno_bomba_pkey; Type: CONSTRAINT; Schema: public; Owner: postgres
--

ALTER TABLE ONLY public.diseno_bomba
    ADD CONSTRAINT diseno_bomba_pkey PRIMARY KEY (id);


--
-- Name: elemento_falla elemento_falla_pkey; Type: CONSTRAINT; Schema: public; Owner: postgres
--

ALTER TABLE ONLY public.elemento_falla
    ADD CONSTRAINT elemento_falla_pkey PRIMARY KEY (id);


--
-- Name: embalses embalses_pkey; Type: CONSTRAINT; Schema: public; Owner: postgres
--

ALTER TABLE ONLY public.embalses
    ADD CONSTRAINT embalses_pkey PRIMARY KEY (id);


--
-- Name: equipos equipos_pkey; Type: CONSTRAINT; Schema: public; Owner: postgres
--

ALTER TABLE ONLY public.equipos
    ADD CONSTRAINT equipos_pkey PRIMARY KEY (id);


--
-- Name: estacion_bombeo estacion_bombeo_pkey; Type: CONSTRAINT; Schema: public; Owner: postgres
--

ALTER TABLE ONLY public.estacion_bombeo
    ADD CONSTRAINT estacion_bombeo_pkey PRIMARY KEY (id);


--
-- Name: estados estados_pkey; Type: CONSTRAINT; Schema: public; Owner: postgres
--

ALTER TABLE ONLY public.estados
    ADD CONSTRAINT estados_pkey PRIMARY KEY (id);


--
-- Name: estatus estatus_pkey; Type: CONSTRAINT; Schema: public; Owner: postgres
--

ALTER TABLE ONLY public.estatus
    ADD CONSTRAINT estatus_pkey PRIMARY KEY (id);


--
-- Name: fabricante fabricante_pkey; Type: CONSTRAINT; Schema: public; Owner: postgres
--

ALTER TABLE ONLY public.fabricante
    ADD CONSTRAINT fabricante_pkey PRIMARY KEY (id);


--
-- Name: failed_jobs failed_jobs_pkey; Type: CONSTRAINT; Schema: public; Owner: postgres
--

ALTER TABLE ONLY public.failed_jobs
    ADD CONSTRAINT failed_jobs_pkey PRIMARY KEY (id);


--
-- Name: failed_jobs failed_jobs_uuid_unique; Type: CONSTRAINT; Schema: public; Owner: postgres
--

ALTER TABLE ONLY public.failed_jobs
    ADD CONSTRAINT failed_jobs_uuid_unique UNIQUE (uuid);


--
-- Name: infraestructura infraestructura_pkey; Type: CONSTRAINT; Schema: public; Owner: postgres
--

ALTER TABLE ONLY public.infraestructura
    ADD CONSTRAINT infraestructura_pkey PRIMARY KEY (id);


--
-- Name: manifold manifold_pkey; Type: CONSTRAINT; Schema: public; Owner: postgres
--

ALTER TABLE ONLY public.manifold
    ADD CONSTRAINT manifold_pkey PRIMARY KEY (id);


--
-- Name: miembros_organizacion miembros_organizacion_pkey; Type: CONSTRAINT; Schema: public; Owner: postgres
--

ALTER TABLE ONLY public.miembros_organizacion
    ADD CONSTRAINT miembros_organizacion_pkey PRIMARY KEY (id);


--
-- Name: migrations migrations_pkey; Type: CONSTRAINT; Schema: public; Owner: postgres
--

ALTER TABLE ONLY public.migrations
    ADD CONSTRAINT migrations_pkey PRIMARY KEY (id);


--
-- Name: model_has_permissions model_has_permissions_pkey; Type: CONSTRAINT; Schema: public; Owner: postgres
--

ALTER TABLE ONLY public.model_has_permissions
    ADD CONSTRAINT model_has_permissions_pkey PRIMARY KEY (permission_id, model_id, model_type);


--
-- Name: model_has_roles model_has_roles_pkey; Type: CONSTRAINT; Schema: public; Owner: postgres
--

ALTER TABLE ONLY public.model_has_roles
    ADD CONSTRAINT model_has_roles_pkey PRIMARY KEY (role_id, model_id, model_type);


--
-- Name: motores motores_pkey; Type: CONSTRAINT; Schema: public; Owner: postgres
--

ALTER TABLE ONLY public.motores
    ADD CONSTRAINT motores_pkey PRIMARY KEY (id);


--
-- Name: municipios municipios_pkey; Type: CONSTRAINT; Schema: public; Owner: postgres
--

ALTER TABLE ONLY public.municipios
    ADD CONSTRAINT municipios_pkey PRIMARY KEY (id);


--
-- Name: obras obras_pkey; Type: CONSTRAINT; Schema: public; Owner: postgres
--

ALTER TABLE ONLY public.obras
    ADD CONSTRAINT obras_pkey PRIMARY KEY (id);


--
-- Name: operatividad operatividad_pkey; Type: CONSTRAINT; Schema: public; Owner: postgres
--

ALTER TABLE ONLY public.operatividad
    ADD CONSTRAINT operatividad_pkey PRIMARY KEY (id);


--
-- Name: organizaciones_populares organizaciones_populares_pkey; Type: CONSTRAINT; Schema: public; Owner: postgres
--

ALTER TABLE ONLY public.organizaciones_populares
    ADD CONSTRAINT organizaciones_populares_pkey PRIMARY KEY (id);


--
-- Name: parroquias parroquias_pkey; Type: CONSTRAINT; Schema: public; Owner: postgres
--

ALTER TABLE ONLY public.parroquias
    ADD CONSTRAINT parroquias_pkey PRIMARY KEY (id);


--
-- Name: permissions permissions_name_guard_name_unique; Type: CONSTRAINT; Schema: public; Owner: postgres
--

ALTER TABLE ONLY public.permissions
    ADD CONSTRAINT permissions_name_guard_name_unique UNIQUE (name, guard_name);


--
-- Name: permissions permissions_pkey; Type: CONSTRAINT; Schema: public; Owner: postgres
--

ALTER TABLE ONLY public.permissions
    ADD CONSTRAINT permissions_pkey PRIMARY KEY (id);


--
-- Name: personal_access_tokens personal_access_tokens_pkey; Type: CONSTRAINT; Schema: public; Owner: postgres
--

ALTER TABLE ONLY public.personal_access_tokens
    ADD CONSTRAINT personal_access_tokens_pkey PRIMARY KEY (id);


--
-- Name: personal_access_tokens personal_access_tokens_token_unique; Type: CONSTRAINT; Schema: public; Owner: postgres
--

ALTER TABLE ONLY public.personal_access_tokens
    ADD CONSTRAINT personal_access_tokens_token_unique UNIQUE (token);


--
-- Name: planes planes_pkey; Type: CONSTRAINT; Schema: public; Owner: postgres
--

ALTER TABLE ONLY public.planes
    ADD CONSTRAINT planes_pkey PRIMARY KEY (id);


--
-- Name: plantas plantas_pkey; Type: CONSTRAINT; Schema: public; Owner: postgres
--

ALTER TABLE ONLY public.plantas
    ADD CONSTRAINT plantas_pkey PRIMARY KEY (id);


--
-- Name: pozo_profundo pozo_profundos_pkey; Type: CONSTRAINT; Schema: public; Owner: postgres
--

ALTER TABLE ONLY public.pozo_profundo
    ADD CONSTRAINT pozo_profundos_pkey PRIMARY KEY (id);


--
-- Name: reportes_averias reportes_averias_pkey; Type: CONSTRAINT; Schema: public; Owner: postgres
--

ALTER TABLE ONLY public.reportes_averias
    ADD CONSTRAINT reportes_averias_pkey PRIMARY KEY (id);


--
-- Name: role_has_permissions role_has_permissions_pkey; Type: CONSTRAINT; Schema: public; Owner: postgres
--

ALTER TABLE ONLY public.role_has_permissions
    ADD CONSTRAINT role_has_permissions_pkey PRIMARY KEY (permission_id, role_id);


--
-- Name: roles roles_name_guard_name_unique; Type: CONSTRAINT; Schema: public; Owner: postgres
--

ALTER TABLE ONLY public.roles
    ADD CONSTRAINT roles_name_guard_name_unique UNIQUE (name, guard_name);


--
-- Name: roles roles_pkey; Type: CONSTRAINT; Schema: public; Owner: postgres
--

ALTER TABLE ONLY public.roles
    ADD CONSTRAINT roles_pkey PRIMARY KEY (id);


--
-- Name: sectores sectores_pkey; Type: CONSTRAINT; Schema: public; Owner: postgres
--

ALTER TABLE ONLY public.sectores
    ADD CONSTRAINT sectores_pkey PRIMARY KEY (id);


--
-- Name: seguimiento_materiales seguimiento_materiales_pk; Type: CONSTRAINT; Schema: public; Owner: postgres
--

ALTER TABLE ONLY public.seguimiento_materiales
    ADD CONSTRAINT seguimiento_materiales_pk PRIMARY KEY (id_seg_material);


--
-- Name: semanas semanas_pkey; Type: CONSTRAINT; Schema: public; Owner: postgres
--

ALTER TABLE ONLY public.semanas
    ADD CONSTRAINT semanas_pkey PRIMARY KEY (id);


--
-- Name: sino sino_pkey; Type: CONSTRAINT; Schema: public; Owner: postgres
--

ALTER TABLE ONLY public.sino
    ADD CONSTRAINT sino_pkey PRIMARY KEY (id);


--
-- Name: sistemas sistemas_pkey; Type: CONSTRAINT; Schema: public; Owner: postgres
--

ALTER TABLE ONLY public.sistemas
    ADD CONSTRAINT sistemas_pkey PRIMARY KEY (id);


--
-- Name: tableros tableros_pkey; Type: CONSTRAINT; Schema: public; Owner: postgres
--

ALTER TABLE ONLY public.tableros
    ADD CONSTRAINT tableros_pkey PRIMARY KEY (id);


--
-- Name: tiempo_ejecucion tiempo_ejecucion_pkey; Type: CONSTRAINT; Schema: public; Owner: postgres
--

ALTER TABLE ONLY public.tiempo_ejecucion
    ADD CONSTRAINT tiempo_ejecucion_pkey PRIMARY KEY (id);


--
-- Name: tipo_accion_realizar_obras tipo_accion_realizar_obras_pkey; Type: CONSTRAINT; Schema: public; Owner: postgres
--

ALTER TABLE ONLY public.tipo_accion_realizar_obras
    ADD CONSTRAINT tipo_accion_realizar_obras_pkey PRIMARY KEY (id);


--
-- Name: tipo_accionamiento_valvula tipo_accionamiento_valvula_pkey; Type: CONSTRAINT; Schema: public; Owner: postgres
--

ALTER TABLE ONLY public.tipo_accionamiento_valvula
    ADD CONSTRAINT tipo_accionamiento_valvula_pkey PRIMARY KEY (id);


--
-- Name: tipo_arranque tipo_arranque_pkey; Type: CONSTRAINT; Schema: public; Owner: postgres
--

ALTER TABLE ONLY public.tipo_arranque
    ADD CONSTRAINT tipo_arranque_pkey PRIMARY KEY (id);


--
-- Name: tipo_caracteristicas_accion_obras tipo_caracteristicas_accion_obras_pkey; Type: CONSTRAINT; Schema: public; Owner: postgres
--

ALTER TABLE ONLY public.tipo_caracteristicas_accion_obras
    ADD CONSTRAINT tipo_caracteristicas_accion_obras_pkey PRIMARY KEY (id);


--
-- Name: tipo_ejecucion tipo_ejecucion_pkey; Type: CONSTRAINT; Schema: public; Owner: postgres
--

ALTER TABLE ONLY public.tipo_ejecucion
    ADD CONSTRAINT tipo_ejecucion_pkey PRIMARY KEY (id);


--
-- Name: tipo_equipo tipo_equipo_pkey; Type: CONSTRAINT; Schema: public; Owner: postgres
--

ALTER TABLE ONLY public.tipo_equipo
    ADD CONSTRAINT tipo_equipo_pkey PRIMARY KEY (id);


--
-- Name: tipo_estacion_bombeo tipo_estacion_bombeo_pkey; Type: CONSTRAINT; Schema: public; Owner: postgres
--

ALTER TABLE ONLY public.tipo_estacion_bombeo
    ADD CONSTRAINT tipo_estacion_bombeo_pkey PRIMARY KEY (id);


--
-- Name: tipo_estrategia tipo_estrategia_pkey; Type: CONSTRAINT; Schema: public; Owner: postgres
--

ALTER TABLE ONLY public.tipo_estrategia
    ADD CONSTRAINT tipo_estrategia_pkey PRIMARY KEY (id);


--
-- Name: tipo_funciones tipo_funciones_pkey; Type: CONSTRAINT; Schema: public; Owner: postgres
--

ALTER TABLE ONLY public.tipo_funciones
    ADD CONSTRAINT tipo_funciones_pkey PRIMARY KEY (id);


--
-- Name: proceso_hidrico tipo_infraestructura_pkey; Type: CONSTRAINT; Schema: public; Owner: postgres
--

ALTER TABLE ONLY public.proceso_hidrico
    ADD CONSTRAINT tipo_infraestructura_pkey PRIMARY KEY (id);


--
-- Name: tipo_interruptor tipo_interruptor_pkey; Type: CONSTRAINT; Schema: public; Owner: postgres
--

ALTER TABLE ONLY public.tipo_interruptor
    ADD CONSTRAINT tipo_interruptor_pkey PRIMARY KEY (id);


--
-- Name: tipo_manifold tipo_manifold_pkey; Type: CONSTRAINT; Schema: public; Owner: postgres
--

ALTER TABLE ONLY public.tipo_manifold
    ADD CONSTRAINT tipo_manifold_pkey PRIMARY KEY (id);


--
-- Name: tipo_material tipo_material_pkey; Type: CONSTRAINT; Schema: public; Owner: postgres
--

ALTER TABLE ONLY public.tipo_material
    ADD CONSTRAINT tipo_material_pkey PRIMARY KEY (id);


--
-- Name: tipo_motor tipo_motor_pkey; Type: CONSTRAINT; Schema: public; Owner: postgres
--

ALTER TABLE ONLY public.tipo_motor
    ADD CONSTRAINT tipo_motor_pkey PRIMARY KEY (id);


--
-- Name: tipo_organizaciones_populares tipo_organizaciones_populares_pkey; Type: CONSTRAINT; Schema: public; Owner: postgres
--

ALTER TABLE ONLY public.tipo_organizaciones_populares
    ADD CONSTRAINT tipo_organizaciones_populares_pkey PRIMARY KEY (id);


--
-- Name: tipo_plan tipo_plan_pkey; Type: CONSTRAINT; Schema: public; Owner: postgres
--

ALTER TABLE ONLY public.tipo_plan
    ADD CONSTRAINT tipo_plan_pkey PRIMARY KEY (id);


--
-- Name: tipo_planta tipo_planta_pkey; Type: CONSTRAINT; Schema: public; Owner: postgres
--

ALTER TABLE ONLY public.tipo_planta
    ADD CONSTRAINT tipo_planta_pkey PRIMARY KEY (id);


--
-- Name: tipo_proceso_hidrico tipo_proceso_hidrico_pkey; Type: CONSTRAINT; Schema: public; Owner: postgres
--

ALTER TABLE ONLY public.tipo_proceso_hidrico
    ADD CONSTRAINT tipo_proceso_hidrico_pkey PRIMARY KEY (id);


--
-- Name: tipo_proyecto tipo_proyecto_pkey; Type: CONSTRAINT; Schema: public; Owner: postgres
--

ALTER TABLE ONLY public.tipo_proyecto
    ADD CONSTRAINT tipo_proyecto_pkey PRIMARY KEY (id);


--
-- Name: tipo_red tipo_red_pkey; Type: CONSTRAINT; Schema: public; Owner: postgres
--

ALTER TABLE ONLY public.tipo_red
    ADD CONSTRAINT tipo_red_pkey PRIMARY KEY (id);


--
-- Name: tipo_reportes_averias tipo_reportes_averias_pkey; Type: CONSTRAINT; Schema: public; Owner: postgres
--

ALTER TABLE ONLY public.tipo_reportes_averias
    ADD CONSTRAINT tipo_reportes_averias_pkey PRIMARY KEY (id);


--
-- Name: tipo_servicio_estacion_bombeo tipo_servicio_estacion_bombeo_pkey; Type: CONSTRAINT; Schema: public; Owner: postgres
--

ALTER TABLE ONLY public.tipo_servicio_estacion_bombeo
    ADD CONSTRAINT tipo_servicio_estacion_bombeo_pkey PRIMARY KEY (id);


--
-- Name: tipo_tension_tablero tipo_tension_tablero_pkey; Type: CONSTRAINT; Schema: public; Owner: postgres
--

ALTER TABLE ONLY public.tipo_tension_tablero
    ADD CONSTRAINT tipo_tension_tablero_pkey PRIMARY KEY (id);


--
-- Name: tipo_tuberia tipo_tuberia_pkey; Type: CONSTRAINT; Schema: public; Owner: postgres
--

ALTER TABLE ONLY public.tipo_tuberia
    ADD CONSTRAINT tipo_tuberia_pkey PRIMARY KEY (id);


--
-- Name: tipo_valvulas tipo_valvulas_pkey; Type: CONSTRAINT; Schema: public; Owner: postgres
--

ALTER TABLE ONLY public.tipo_valvulas
    ADD CONSTRAINT tipo_valvulas_pkey PRIMARY KEY (id);


--
-- Name: tipo_via tipo_via_pkey; Type: CONSTRAINT; Schema: public; Owner: postgres
--

ALTER TABLE ONLY public.tipo_via
    ADD CONSTRAINT tipo_via_pkey PRIMARY KEY (id);


--
-- Name: toma_rio toma_rio_pkey; Type: CONSTRAINT; Schema: public; Owner: postgres
--

ALTER TABLE ONLY public.toma_rio
    ADD CONSTRAINT toma_rio_pkey PRIMARY KEY (id);


--
-- Name: tuberias tuberias_pkey; Type: CONSTRAINT; Schema: public; Owner: postgres
--

ALTER TABLE ONLY public.tuberias
    ADD CONSTRAINT tuberias_pkey PRIMARY KEY (id);


--
-- Name: ubicacion_geografica ubicacion_geografica_pkey; Type: CONSTRAINT; Schema: public; Owner: postgres
--

ALTER TABLE ONLY public.ubicacion_geografica
    ADD CONSTRAINT ubicacion_geografica_pkey PRIMARY KEY (id);


--
-- Name: users users_dni_unique; Type: CONSTRAINT; Schema: public; Owner: postgres
--

ALTER TABLE ONLY public.users
    ADD CONSTRAINT users_dni_unique UNIQUE (dni);


--
-- Name: users users_email_unique; Type: CONSTRAINT; Schema: public; Owner: postgres
--

ALTER TABLE ONLY public.users
    ADD CONSTRAINT users_email_unique UNIQUE (email);


--
-- Name: users users_pkey; Type: CONSTRAINT; Schema: public; Owner: postgres
--

ALTER TABLE ONLY public.users
    ADD CONSTRAINT users_pkey PRIMARY KEY (id);


--
-- Name: valvulas valvulas_pkey; Type: CONSTRAINT; Schema: public; Owner: postgres
--

ALTER TABLE ONLY public.valvulas
    ADD CONSTRAINT valvulas_pkey PRIMARY KEY (id);


--
-- Name: audits_auditable_type_auditable_id_index; Type: INDEX; Schema: public; Owner: postgres
--

CREATE INDEX audits_auditable_type_auditable_id_index ON public.audits USING btree (auditable_type, auditable_id);


--
-- Name: audits_user_id_user_type_index; Type: INDEX; Schema: public; Owner: postgres
--

CREATE INDEX audits_user_id_user_type_index ON public.audits USING btree (user_id, user_type);


--
-- Name: model_has_permissions_model_id_model_type_index; Type: INDEX; Schema: public; Owner: postgres
--

CREATE INDEX model_has_permissions_model_id_model_type_index ON public.model_has_permissions USING btree (model_id, model_type);


--
-- Name: model_has_roles_model_id_model_type_index; Type: INDEX; Schema: public; Owner: postgres
--

CREATE INDEX model_has_roles_model_id_model_type_index ON public.model_has_roles USING btree (model_id, model_type);


--
-- Name: password_resets_email_index; Type: INDEX; Schema: public; Owner: postgres
--

CREATE INDEX password_resets_email_index ON public.password_resets USING btree (email);


--
-- Name: personal_access_tokens_tokenable_type_tokenable_id_index; Type: INDEX; Schema: public; Owner: postgres
--

CREATE INDEX personal_access_tokens_tokenable_type_tokenable_id_index ON public.personal_access_tokens USING btree (tokenable_type, tokenable_id);


--
-- Name: seguimiento_id_seguimiento_idx; Type: INDEX; Schema: public; Owner: postgres
--

CREATE UNIQUE INDEX seguimiento_id_seguimiento_idx ON public.seguimiento USING btree (id_seguimiento);


--
-- Name: acciones_obras acciones_obras_id_tiempo_ejecucion_foreign; Type: FK CONSTRAINT; Schema: public; Owner: postgres
--

ALTER TABLE ONLY public.acciones_obras
    ADD CONSTRAINT acciones_obras_id_tiempo_ejecucion_foreign FOREIGN KEY (id_tiempo_ejecucion) REFERENCES public.tiempo_ejecucion(id);


--
-- Name: acciones_obras acciones_obras_id_tipo_ejecucion_foreign; Type: FK CONSTRAINT; Schema: public; Owner: postgres
--

ALTER TABLE ONLY public.acciones_obras
    ADD CONSTRAINT acciones_obras_id_tipo_ejecucion_foreign FOREIGN KEY (id_tipo_ejecucion) REFERENCES public.tipo_ejecucion(id);


--
-- Name: acciones_planes acciones_planes_id_estrategia_foreign; Type: FK CONSTRAINT; Schema: public; Owner: postgres
--

ALTER TABLE ONLY public.acciones_planes
    ADD CONSTRAINT acciones_planes_id_estrategia_foreign FOREIGN KEY (id_estrategia) REFERENCES public.tipo_estrategia(id);


--
-- Name: acueductos acueductos_id_estado_foreign; Type: FK CONSTRAINT; Schema: public; Owner: postgres
--

ALTER TABLE ONLY public.acueductos
    ADD CONSTRAINT acueductos_id_estado_foreign FOREIGN KEY (id_estado) REFERENCES public.estados(id);


--
-- Name: bombas bombas_equipo_fk; Type: FK CONSTRAINT; Schema: public; Owner: postgres
--

ALTER TABLE ONLY public.bombas
    ADD CONSTRAINT bombas_equipo_fk FOREIGN KEY (id_equipo) REFERENCES public.equipos(id);


--
-- Name: c_embalses c_embalses_embalse_id_foreign; Type: FK CONSTRAINT; Schema: public; Owner: postgres
--

ALTER TABLE ONLY public.c_embalses
    ADD CONSTRAINT c_embalses_embalse_id_foreign FOREIGN KEY (embalse_id) REFERENCES public.embalses(id);


--
-- Name: ciudades ciudades_estado_id_foreign; Type: FK CONSTRAINT; Schema: public; Owner: postgres
--

ALTER TABLE ONLY public.ciudades
    ADD CONSTRAINT ciudades_estado_id_foreign FOREIGN KEY (estado_id) REFERENCES public.estados(id);


--
-- Name: datos_planes datos_planes_id_accion_foreign; Type: FK CONSTRAINT; Schema: public; Owner: postgres
--

ALTER TABLE ONLY public.datos_planes
    ADD CONSTRAINT datos_planes_id_accion_foreign FOREIGN KEY (id_accion) REFERENCES public.acciones_planes(id);


--
-- Name: datos_planes datos_planes_id_linea_estrategia_foreign; Type: FK CONSTRAINT; Schema: public; Owner: postgres
--

ALTER TABLE ONLY public.datos_planes
    ADD CONSTRAINT datos_planes_id_linea_estrategia_foreign FOREIGN KEY (id_linea_estrategia) REFERENCES public.tipo_estrategia(id);


--
-- Name: detalles_tecnicos_estacion_bombeo detalles_tecnicos_estacion_bombeo_fk; Type: FK CONSTRAINT; Schema: public; Owner: postgres
--

ALTER TABLE ONLY public.detalles_tecnicos_estacion_bombeo
    ADD CONSTRAINT detalles_tecnicos_estacion_bombeo_fk FOREIGN KEY (id_estacion_bombeo) REFERENCES public.infraestructura(id);


--
-- Name: dique_toma dique_tomas_id_infraestructura_foreign; Type: FK CONSTRAINT; Schema: public; Owner: postgres
--

ALTER TABLE ONLY public.dique_toma
    ADD CONSTRAINT dique_tomas_id_infraestructura_foreign FOREIGN KEY (id_infraestructura) REFERENCES public.infraestructura(id);


--
-- Name: embalses embalses_id_infraestructura_foreign; Type: FK CONSTRAINT; Schema: public; Owner: postgres
--

ALTER TABLE ONLY public.embalses
    ADD CONSTRAINT embalses_id_infraestructura_foreign FOREIGN KEY (id_infraestructura) REFERENCES public.infraestructura(id);


--
-- Name: estacion_bombeo estacion_bombeo_id_infraestructura_foreign; Type: FK CONSTRAINT; Schema: public; Owner: postgres
--

ALTER TABLE ONLY public.estacion_bombeo
    ADD CONSTRAINT estacion_bombeo_id_infraestructura_foreign FOREIGN KEY (id_infraestructura) REFERENCES public.infraestructura(id);


--
-- Name: estacion_bombeo estacion_bombeo_id_tipo_estacion_bombeo_foreign; Type: FK CONSTRAINT; Schema: public; Owner: postgres
--

ALTER TABLE ONLY public.estacion_bombeo
    ADD CONSTRAINT estacion_bombeo_id_tipo_estacion_bombeo_foreign FOREIGN KEY (id_tipo_estacion_bombeo) REFERENCES public.tipo_estacion_bombeo(id);


--
-- Name: estacion_bombeo estacion_bombeo_id_tipo_servicio_foreign; Type: FK CONSTRAINT; Schema: public; Owner: postgres
--

ALTER TABLE ONLY public.estacion_bombeo
    ADD CONSTRAINT estacion_bombeo_id_tipo_servicio_foreign FOREIGN KEY (id_tipo_servicio) REFERENCES public.tipo_servicio_estacion_bombeo(id);


--
-- Name: infraestructura infraestructura_id_acueducto_foreign; Type: FK CONSTRAINT; Schema: public; Owner: postgres
--

ALTER TABLE ONLY public.infraestructura
    ADD CONSTRAINT infraestructura_id_acueducto_foreign FOREIGN KEY (id_acueducto) REFERENCES public.acueductos(id);


--
-- Name: infraestructura infraestructura_id_coordenadas_foreign; Type: FK CONSTRAINT; Schema: public; Owner: postgres
--

ALTER TABLE ONLY public.infraestructura
    ADD CONSTRAINT infraestructura_id_coordenadas_foreign FOREIGN KEY (id_coordenadas) REFERENCES public.ubicacion_geografica(id);


--
-- Name: infraestructura infraestructura_id_sistema_foreign; Type: FK CONSTRAINT; Schema: public; Owner: postgres
--

ALTER TABLE ONLY public.infraestructura
    ADD CONSTRAINT infraestructura_id_sistema_foreign FOREIGN KEY (id_sistema) REFERENCES public.sistemas(id);


--
-- Name: infraestructura infraestructura_id_tipo_infraestructura_foreign; Type: FK CONSTRAINT; Schema: public; Owner: postgres
--

ALTER TABLE ONLY public.infraestructura
    ADD CONSTRAINT infraestructura_id_tipo_infraestructura_foreign FOREIGN KEY (id_proceso) REFERENCES public.proceso_hidrico(id);


--
-- Name: manifold manifold_equipo_fk; Type: FK CONSTRAINT; Schema: public; Owner: postgres
--

ALTER TABLE ONLY public.manifold
    ADD CONSTRAINT manifold_equipo_fk FOREIGN KEY (id_equipo) REFERENCES public.equipos(id);


--
-- Name: miembros_organizacion miembros_organizacion_id_organizacion_popular_foreign; Type: FK CONSTRAINT; Schema: public; Owner: postgres
--

ALTER TABLE ONLY public.miembros_organizacion
    ADD CONSTRAINT miembros_organizacion_id_organizacion_popular_foreign FOREIGN KEY (id_organizacion_popular) REFERENCES public.organizaciones_populares(id);


--
-- Name: miembros_organizacion miembros_organizacion_id_tipo_funcion_foreign; Type: FK CONSTRAINT; Schema: public; Owner: postgres
--

ALTER TABLE ONLY public.miembros_organizacion
    ADD CONSTRAINT miembros_organizacion_id_tipo_funcion_foreign FOREIGN KEY (id_tipo_funcion) REFERENCES public.tipo_funciones(id);


--
-- Name: model_has_permissions model_has_permissions_permission_id_foreign; Type: FK CONSTRAINT; Schema: public; Owner: postgres
--

ALTER TABLE ONLY public.model_has_permissions
    ADD CONSTRAINT model_has_permissions_permission_id_foreign FOREIGN KEY (permission_id) REFERENCES public.permissions(id) ON DELETE CASCADE;


--
-- Name: model_has_roles model_has_roles_role_id_foreign; Type: FK CONSTRAINT; Schema: public; Owner: postgres
--

ALTER TABLE ONLY public.model_has_roles
    ADD CONSTRAINT model_has_roles_role_id_foreign FOREIGN KEY (role_id) REFERENCES public.roles(id) ON DELETE CASCADE;


--
-- Name: motores motores_equipo_fk; Type: FK CONSTRAINT; Schema: public; Owner: postgres
--

ALTER TABLE ONLY public.motores
    ADD CONSTRAINT motores_equipo_fk FOREIGN KEY (id_equipo) REFERENCES public.equipos(id);


--
-- Name: municipios municipios_estado_id_foreign; Type: FK CONSTRAINT; Schema: public; Owner: postgres
--

ALTER TABLE ONLY public.municipios
    ADD CONSTRAINT municipios_estado_id_foreign FOREIGN KEY (estado_id) REFERENCES public.estados(id);


--
-- Name: obras obras_id_accion_foreign; Type: FK CONSTRAINT; Schema: public; Owner: postgres
--

ALTER TABLE ONLY public.obras
    ADD CONSTRAINT obras_id_accion_foreign FOREIGN KEY (id_accion) REFERENCES public.acciones_obras(id);


--
-- Name: obras obras_id_accion_realizar_foreign; Type: FK CONSTRAINT; Schema: public; Owner: postgres
--

ALTER TABLE ONLY public.obras
    ADD CONSTRAINT obras_id_accion_realizar_foreign FOREIGN KEY (id_accion_realizar) REFERENCES public.tipo_accion_realizar_obras(id);


--
-- Name: obras obras_id_tipo_caracteristica_accion_obras_foreign; Type: FK CONSTRAINT; Schema: public; Owner: postgres
--

ALTER TABLE ONLY public.obras
    ADD CONSTRAINT obras_id_tipo_caracteristica_accion_obras_foreign FOREIGN KEY (id_tipo_caracteristica_accion_obras) REFERENCES public.tipo_caracteristicas_accion_obras(id);


--
-- Name: obras obras_id_tipo_infraestructura_foreign; Type: FK CONSTRAINT; Schema: public; Owner: postgres
--

ALTER TABLE ONLY public.obras
    ADD CONSTRAINT obras_id_tipo_infraestructura_foreign FOREIGN KEY (id_tipo_infraestructura) REFERENCES public.proceso_hidrico(id);


--
-- Name: obras obras_id_tipo_proceso_hidrico_foreign; Type: FK CONSTRAINT; Schema: public; Owner: postgres
--

ALTER TABLE ONLY public.obras
    ADD CONSTRAINT obras_id_tipo_proceso_hidrico_foreign FOREIGN KEY (id_tipo_proceso_hidrico) REFERENCES public.tipo_proceso_hidrico(id);


--
-- Name: obras obras_id_tipo_proyecto_foreign; Type: FK CONSTRAINT; Schema: public; Owner: postgres
--

ALTER TABLE ONLY public.obras
    ADD CONSTRAINT obras_id_tipo_proyecto_foreign FOREIGN KEY (id_tipo_proyecto) REFERENCES public.tipo_proyecto(id);


--
-- Name: organizaciones_populares organizaciones_populares_id_acueducto_foreign; Type: FK CONSTRAINT; Schema: public; Owner: postgres
--

ALTER TABLE ONLY public.organizaciones_populares
    ADD CONSTRAINT organizaciones_populares_id_acueducto_foreign FOREIGN KEY (id_acueducto) REFERENCES public.acueductos(id);


--
-- Name: organizaciones_populares organizaciones_populares_id_coordenadas_foreign; Type: FK CONSTRAINT; Schema: public; Owner: postgres
--

ALTER TABLE ONLY public.organizaciones_populares
    ADD CONSTRAINT organizaciones_populares_id_coordenadas_foreign FOREIGN KEY (id_coordenadas) REFERENCES public.ubicacion_geografica(id);


--
-- Name: organizaciones_populares organizaciones_populares_id_tipo_organizacion_popular_foreign; Type: FK CONSTRAINT; Schema: public; Owner: postgres
--

ALTER TABLE ONLY public.organizaciones_populares
    ADD CONSTRAINT organizaciones_populares_id_tipo_organizacion_popular_foreign FOREIGN KEY (id_tipo_organizacion_popular) REFERENCES public.tipo_organizaciones_populares(id);


--
-- Name: parroquias parroquias_municipio_id_foreign; Type: FK CONSTRAINT; Schema: public; Owner: postgres
--

ALTER TABLE ONLY public.parroquias
    ADD CONSTRAINT parroquias_municipio_id_foreign FOREIGN KEY (municipio_id) REFERENCES public.municipios(id);


--
-- Name: planes planes_id_acueducto_foreign; Type: FK CONSTRAINT; Schema: public; Owner: postgres
--

ALTER TABLE ONLY public.planes
    ADD CONSTRAINT planes_id_acueducto_foreign FOREIGN KEY (id_acueducto) REFERENCES public.acueductos(id);


--
-- Name: planes planes_id_datos_plan_foreign; Type: FK CONSTRAINT; Schema: public; Owner: postgres
--

ALTER TABLE ONLY public.planes
    ADD CONSTRAINT planes_id_datos_plan_foreign FOREIGN KEY (id_datos_plan) REFERENCES public.datos_planes(id);


--
-- Name: planes planes_id_semana_foreign; Type: FK CONSTRAINT; Schema: public; Owner: postgres
--

ALTER TABLE ONLY public.planes
    ADD CONSTRAINT planes_id_semana_foreign FOREIGN KEY (id_semana) REFERENCES public.semanas(id);


--
-- Name: planes planes_id_tipo_plan_foreign; Type: FK CONSTRAINT; Schema: public; Owner: postgres
--

ALTER TABLE ONLY public.planes
    ADD CONSTRAINT planes_id_tipo_plan_foreign FOREIGN KEY (id_tipo_plan) REFERENCES public.tipo_plan(id);


--
-- Name: plantas plantas_id_infraestructura_foreign; Type: FK CONSTRAINT; Schema: public; Owner: postgres
--

ALTER TABLE ONLY public.plantas
    ADD CONSTRAINT plantas_id_infraestructura_foreign FOREIGN KEY (id_infraestructura) REFERENCES public.infraestructura(id);


--
-- Name: plantas plantas_id_tipo_planta_foreign; Type: FK CONSTRAINT; Schema: public; Owner: postgres
--

ALTER TABLE ONLY public.plantas
    ADD CONSTRAINT plantas_id_tipo_planta_foreign FOREIGN KEY (id_tipo_planta) REFERENCES public.tipo_planta(id);


--
-- Name: pozo_profundo pozo_profundos_id_infraestructura_foreign; Type: FK CONSTRAINT; Schema: public; Owner: postgres
--

ALTER TABLE ONLY public.pozo_profundo
    ADD CONSTRAINT pozo_profundos_id_infraestructura_foreign FOREIGN KEY (id_infraestructura) REFERENCES public.infraestructura(id);


--
-- Name: reportes_averias reportes_averias_id_acueducto_foreign; Type: FK CONSTRAINT; Schema: public; Owner: postgres
--

ALTER TABLE ONLY public.reportes_averias
    ADD CONSTRAINT reportes_averias_id_acueducto_foreign FOREIGN KEY (id_acueducto) REFERENCES public.acueductos(id);


--
-- Name: reportes_averias reportes_averias_id_coordenadas_foreign; Type: FK CONSTRAINT; Schema: public; Owner: postgres
--

ALTER TABLE ONLY public.reportes_averias
    ADD CONSTRAINT reportes_averias_id_coordenadas_foreign FOREIGN KEY (id_coordenadas) REFERENCES public.ubicacion_geografica(id);


--
-- Name: reportes_averias reportes_averias_id_tipo_reporte_foreign; Type: FK CONSTRAINT; Schema: public; Owner: postgres
--

ALTER TABLE ONLY public.reportes_averias
    ADD CONSTRAINT reportes_averias_id_tipo_reporte_foreign FOREIGN KEY (id_tipo_reporte) REFERENCES public.tipo_reportes_averias(id);


--
-- Name: role_has_permissions role_has_permissions_permission_id_foreign; Type: FK CONSTRAINT; Schema: public; Owner: postgres
--

ALTER TABLE ONLY public.role_has_permissions
    ADD CONSTRAINT role_has_permissions_permission_id_foreign FOREIGN KEY (permission_id) REFERENCES public.permissions(id) ON DELETE CASCADE;


--
-- Name: role_has_permissions role_has_permissions_role_id_foreign; Type: FK CONSTRAINT; Schema: public; Owner: postgres
--

ALTER TABLE ONLY public.role_has_permissions
    ADD CONSTRAINT role_has_permissions_role_id_foreign FOREIGN KEY (role_id) REFERENCES public.roles(id) ON DELETE CASCADE;


--
-- Name: sectores sectores_id_parroquia_foreign; Type: FK CONSTRAINT; Schema: public; Owner: postgres
--

ALTER TABLE ONLY public.sectores
    ADD CONSTRAINT sectores_id_parroquia_foreign FOREIGN KEY (id_parroquia) REFERENCES public.parroquias(id);


--
-- Name: tableros tableros_equipo_fk; Type: FK CONSTRAINT; Schema: public; Owner: postgres
--

ALTER TABLE ONLY public.tableros
    ADD CONSTRAINT tableros_equipo_fk FOREIGN KEY (id_equipo) REFERENCES public.equipos(id);


--
-- Name: tableros tableros_tension_fk; Type: FK CONSTRAINT; Schema: public; Owner: postgres
--

ALTER TABLE ONLY public.tableros
    ADD CONSTRAINT tableros_tension_fk FOREIGN KEY (id_tipo_tension) REFERENCES public.tipo_tension_tablero(id);


--
-- Name: toma_rio toma_rio_id_infraestructura_foreign; Type: FK CONSTRAINT; Schema: public; Owner: postgres
--

ALTER TABLE ONLY public.toma_rio
    ADD CONSTRAINT toma_rio_id_infraestructura_foreign FOREIGN KEY (id_infraestructura) REFERENCES public.infraestructura(id);


--
-- Name: tuberias tuberias_equipo_fk; Type: FK CONSTRAINT; Schema: public; Owner: postgres
--

ALTER TABLE ONLY public.tuberias
    ADD CONSTRAINT tuberias_equipo_fk FOREIGN KEY (id_equipo) REFERENCES public.equipos(id);


--
-- Name: tuberias tuberias_id_tipo_material_foreign; Type: FK CONSTRAINT; Schema: public; Owner: postgres
--

ALTER TABLE ONLY public.tuberias
    ADD CONSTRAINT tuberias_id_tipo_material_foreign FOREIGN KEY (id_tipo_material) REFERENCES public.tipo_material(id);


--
-- Name: tuberias tuberias_id_tipo_tuberia_foreign; Type: FK CONSTRAINT; Schema: public; Owner: postgres
--

ALTER TABLE ONLY public.tuberias
    ADD CONSTRAINT tuberias_id_tipo_tuberia_foreign FOREIGN KEY (id_tipo_tuberia) REFERENCES public.tipo_tuberia(id);


--
-- Name: ubicacion_geografica ubicacion_geografica_id_estado_foreign; Type: FK CONSTRAINT; Schema: public; Owner: postgres
--

ALTER TABLE ONLY public.ubicacion_geografica
    ADD CONSTRAINT ubicacion_geografica_id_estado_foreign FOREIGN KEY (id_estado) REFERENCES public.estados(id);


--
-- Name: ubicacion_geografica ubicacion_geografica_id_municipio_foreign; Type: FK CONSTRAINT; Schema: public; Owner: postgres
--

ALTER TABLE ONLY public.ubicacion_geografica
    ADD CONSTRAINT ubicacion_geografica_id_municipio_foreign FOREIGN KEY (id_municipio) REFERENCES public.municipios(id);


--
-- Name: ubicacion_geografica ubicacion_geografica_id_parroquia_foreign; Type: FK CONSTRAINT; Schema: public; Owner: postgres
--

ALTER TABLE ONLY public.ubicacion_geografica
    ADD CONSTRAINT ubicacion_geografica_id_parroquia_foreign FOREIGN KEY (id_parroquia) REFERENCES public.parroquias(id);


--
-- Name: ubicacion_geografica ubicacion_geografica_id_sector_foreign; Type: FK CONSTRAINT; Schema: public; Owner: postgres
--

ALTER TABLE ONLY public.ubicacion_geografica
    ADD CONSTRAINT ubicacion_geografica_id_sector_foreign FOREIGN KEY (id_sector) REFERENCES public.sectores(id);


--
-- Name: valvulas valvulas_accionamiento_foreign; Type: FK CONSTRAINT; Schema: public; Owner: postgres
--

ALTER TABLE ONLY public.valvulas
    ADD CONSTRAINT valvulas_accionamiento_foreign FOREIGN KEY (accionamiento) REFERENCES public.tipo_accionamiento_valvula(id);


--
-- Name: valvulas valvulas_equipo_fk; Type: FK CONSTRAINT; Schema: public; Owner: postgres
--

ALTER TABLE ONLY public.valvulas
    ADD CONSTRAINT valvulas_equipo_fk FOREIGN KEY (id_equipo) REFERENCES public.equipos(id);


--
-- Name: valvulas valvulas_id_tipo_valvula_foreign; Type: FK CONSTRAINT; Schema: public; Owner: postgres
--

ALTER TABLE ONLY public.valvulas
    ADD CONSTRAINT valvulas_id_tipo_valvula_foreign FOREIGN KEY (id_tipo_valvula) REFERENCES public.tipo_valvulas(id);


--
-- PostgreSQL database dump complete
--

